time_sec,joint_rShoulderPitch,joint_rShoulderRoll,joint_rShoulderYaw,joint_rElbow,joint_rWristRoll,joint_rWristPitch,joint_lShoulderPitch,joint_lShoulderRoll,joint_lShoulderYaw,joint_lElbow,joint_lWristRoll,joint_lWristPitch
0,-0.03490659,-1.168598,0.1745329,-1.22173,0.5235988,-0.2792527,0.03490658,-1.255865,-0.08726646,-1.186824,-0.4363324,-0.3141593
0.03333334,-0.03004528,-1.165357,0.1745329,-1.226592,0.5130649,-0.2792527,0.01582344,-1.242231,-0.1022657,-1.195405,-0.4507902,-0.3155109
0.06666667,-0.02185708,-1.159898,0.1745329,-1.23478,0.4945911,-0.2792527,-0.01664905,-1.218608,-0.1280573,-1.210328,-0.4756509,-0.3175291
0.1,-0.01113915,-1.152752,0.1745329,-1.245498,0.470277,-0.2792527,-0.06167479,-1.187458,-0.1622237,-1.229954,-0.5085845,-0.3200911
0.1333333,0.001310808,-1.144452,0.1745329,-1.257948,0.442228,-0.2792527,-0.1184527,-1.151249,-0.2023481,-1.252638,-0.547262,-0.3230742
0.1666667,0.01469372,-1.135531,0.1745329,-1.27133,0.4125609,-0.2792527,-0.1823663,-1.11245,-0.2460191,-1.276732,-0.5893592,-0.3263558
0.2,0.0282098,-1.126521,0.1745329,-1.284847,0.383395,-0.2792527,-0.2465255,-1.073528,-0.2908416,-1.300583,-0.6325663,-0.329813
0.2333333,0.04105902,-1.117956,0.1745329,-1.297696,0.3568465,-0.2792527,-0.3066713,-1.036931,-0.3308855,-1.322537,-0.6711666,-0.3333232
0.2666667,0.05244244,-1.110367,0.1745329,-1.30908,0.3350241,-0.2792527,-0.3584864,-1.007831,-0.3618717,-1.340947,-0.701036,-0.3367635
0.3,0.0615611,-1.104287,0.1745329,-1.318198,0.3200235,-0.2792527,-0.3976411,-0.9885612,-0.3838991,-1.354167,-0.7222689,-0.3400112
0.3333333,0.06761713,-1.100249,0.1745329,-1.324254,0.3114338,-0.2792527,-0.4198132,-0.9772829,-0.3970569,-1.360561,-0.7349517,-0.3429437
0.3666667,0.06981317,-1.098785,0.1745329,-1.32645,0.3068558,-0.2792527,-0.4302467,-0.9721603,-0.4014258,-1.362794,-0.7391627,-0.3454382
0.4,0.06978441,-1.098818,0.1745329,-1.326422,0.3054065,-0.2792527,-0.4374098,-0.9713619,-0.4016851,-1.364648,-0.7391627,-0.3473718
0.4333333,0.06969759,-1.098917,0.1745329,-1.326335,0.3062012,-0.2792527,-0.4418137,-0.9730579,-0.4023832,-1.366147,-0.7391627,-0.3486219
0.4666667,0.06955058,-1.09908,0.1745329,-1.326187,0.3083578,-0.2792527,-0.4439697,-0.9754182,-0.4034005,-1.367317,-0.7391627,-0.349066
0.5,0.06934126,-1.099306,0.1745329,-1.325978,0.3109917,-0.2792527,-0.4443889,-0.9766122,-0.4046172,-1.368183,-0.7391627,-0.349083
0.5333334,0.06906801,-1.099596,0.1745329,-1.325705,0.3132202,-0.2792527,-0.4435821,-0.9768762,-0.4059137,-1.36877,-0.7391627,-0.3491323
0.5666667,0.06872927,-1.099947,0.1745329,-1.325366,0.3141593,-0.2792527,-0.4420602,-0.9775505,-0.4071703,-1.369103,-0.7391627,-0.3492109
0.6,0.06832287,-1.10036,0.1745329,-1.32496,0.3142306,-0.2792527,-0.4403342,-0.9784594,-0.4082673,-1.369209,-0.7391627,-0.3493159
0.6333333,0.06784722,-1.100833,0.1745329,-1.324484,0.3144501,-0.2792527,-0.4389148,-0.979427,-0.4090852,-1.369111,-0.7391627,-0.3494443
0.6666667,0.06730074,-1.101364,0.1745329,-1.323938,0.3148272,-0.2792527,-0.4383132,-0.9802773,-0.4095039,-1.368837,-0.7391626,-0.3495932
0.7,0.06668076,-1.101955,0.1745329,-1.323318,0.315371,-0.2792527,-0.4390403,-0.9808343,-0.4094042,-1.368411,-0.7391626,-0.3497596
0.7333333,0.06598567,-1.102602,0.1745329,-1.322623,0.3160906,-0.2792527,-0.4404382,-0.9809222,-0.4086662,-1.367857,-0.7391626,-0.3499408
0.7666667,0.06521443,-1.103307,0.1745329,-1.321851,0.3169945,-0.2792527,-0.4428464,-0.9803651,-0.4071703,-1.367203,-0.7391626,-0.3501336
0.8,0.06436434,-1.104067,0.1745329,-1.321001,0.3180928,-0.2792527,-0.4482719,-0.978987,-0.4047966,-1.366472,-0.7391626,-0.3503352
0.8333333,0.06343383,-1.104883,0.1745329,-1.320071,0.3193934,-0.2792527,-0.4587226,-0.9766122,-0.4014257,-1.365691,-0.7371652,-0.3505427
0.8666667,0.0624213,-1.105752,0.1745329,-1.319059,0.3209061,-0.2792527,-0.4762105,-0.9683955,-0.3905571,-1.364885,-0.683033,-0.3507531
0.9,0.06132514,-1.106674,0.1745329,-1.317962,0.3226404,-0.2792527,-0.502755,-0.9511535,-0.3677858,-1.364078,-0.5301554,-0.3509635
0.9333333,0.0601427,-1.107649,0.1745329,-1.316779,0.3246042,-0.2792527,-0.5403806,-0.9272013,-0.3361354,-1.363297,-0.3021068,-0.351171
0.9666666,0.05887237,-1.108675,0.1745329,-1.315509,0.3268077,-0.2792527,-0.5865961,-0.898862,-0.2986425,-1.362566,-0.02874402,-0.3513725
1,0.05751256,-1.109751,0.1745329,-1.31415,0.3292594,-0.2792527,-0.6354168,-0.8684688,-0.2583581,-1.361912,0.2731711,-0.3515654
1.033333,0.05606167,-1.110877,0.1745329,-1.312699,0.3319684,-0.2792527,-0.6835845,-0.8383601,-0.2183371,-1.361359,0.5777931,-0.3517465
1.066667,0.05451757,-1.112052,0.1745329,-1.311154,0.3349442,-0.2792527,-0.7278056,-0.8108708,-0.1816188,-1.360932,0.8612887,-0.351913
1.1,0.05287813,-1.113274,0.1745329,-1.309515,0.3381954,-0.2792527,-0.7647758,-0.7883257,-0.1512153,-1.360658,1.101671,-0.3520618
1.133333,0.05114228,-1.114544,0.1745329,-1.307779,0.3417315,-0.2792527,-0.7911986,-0.7730371,-0.1303228,-1.360561,1.266295,-0.3521903
1.166667,0.04930736,-1.11586,0.1745329,-1.305944,0.3455617,-0.2792527,-0.8037857,-0.764447,-0.1186765,-1.359937,1.355233,-0.3522951
1.2,0.04737231,-1.117221,0.1745329,-1.304009,0.3496949,-0.2792527,-0.807628,-0.7598691,-0.1140758,-1.358164,1.38776,-0.3523738
1.233333,0.04533446,-1.118626,0.1745329,-1.301971,0.3541402,-0.2792527,-0.8101367,-0.7584195,-0.1143221,-1.355383,1.403967,-0.3524231
1.266667,0.04319221,-1.120074,0.1745329,-1.299829,0.3589073,-0.2792527,-0.8115022,-0.7592146,-0.1172185,-1.351739,1.423401,-0.3524402
1.3,0.0409445,-1.121565,0.1745329,-1.297581,0.3640046,-0.2792527,-0.8119149,-0.761371,-0.1205681,-1.347377,1.439836,-0.3524221
1.333333,0.03858867,-1.123098,0.1745329,-1.295225,0.3694412,-0.2792527,-0.8115657,-0.7640051,-0.1221731,-1.34244,1.453527,-0.3523659
1.366667,0.03612258,-1.124672,0.1745329,-1.29276,0.3752272,-0.2792527,-0.8106448,-0.7662335,-0.1220995,-1.337071,1.464725,-0.3522688
1.4,0.03354518,-1.126285,0.1745329,-1.290182,0.3813711,-0.2792527,-0.8093429,-0.7671728,-0.121883,-1.331416,1.473683,-0.3521277
1.433333,0.03085485,-1.127938,0.1745329,-1.287492,0.387882,-0.2792527,-0.8078504,-0.7666184,-0.1215304,-1.325617,1.480654,-0.3519398
1.466667,0.02804841,-1.129629,0.1745329,-1.284686,0.3945686,-0.2792527,-0.8063579,-0.7652548,-0.1210479,-1.31982,1.485889,-0.3517021
1.5,0.02512533,-1.131358,0.1745329,-1.281762,0.4012249,-0.2792527,-0.805056,-0.7635303,-0.1204424,-1.314168,1.48964,-0.3514116
1.533333,0.02208347,-1.133122,0.1745329,-1.27872,0.4078386,-0.2792527,-0.804135,-0.761893,-0.1197203,-1.308806,1.492157,-0.3510655
1.566667,0.01892069,-1.134923,0.1745329,-1.275558,0.4143964,-0.2792527,-0.8037857,-0.7607919,-0.1188881,-1.303877,1.493693,-0.3506608
1.6,0.01563489,-1.136757,0.1745329,-1.272272,0.420886,-0.2792527,-0.803854,-0.7606751,-0.1179524,-1.299525,1.494496,-0.3501946
1.633333,0.01222497,-1.138626,0.1745329,-1.268862,0.4272946,-0.2792527,-0.8028271,-0.7619911,-0.1169199,-1.295894,1.494817,-0.3496639
1.666667,0.008834238,-1.140527,0.1745329,-1.265409,0.4336089,-0.2792527,-0.7988583,-0.7651885,-0.115797,-1.293129,1.490326,-0.3490659
1.7,0.005605421,-1.142461,0.1745329,-1.262008,0.4398168,-0.2792527,-0.7901002,-0.7707158,-0.1145903,-1.291373,1.472912,-0.3473439
1.733333,0.002534797,-1.144426,0.1745329,-1.258673,0.4459053,-0.2792527,-0.7747029,-0.7807673,-0.1133064,-1.29077,1.437146,-0.3435876
1.766667,-0.000381679,-1.146421,0.1745329,-1.25542,0.4518612,-0.2792527,-0.7508103,-0.7967412,-0.1119519,-1.290773,1.377539,-0.3380135
1.8,-0.003148026,-1.148446,0.1745329,-1.252267,0.4576722,-0.2792527,-0.7165619,-0.8178937,-0.1105332,-1.290742,1.294085,-0.3308379
1.833333,-0.005767988,-1.150498,0.1745329,-1.249227,0.4633251,-0.2792527,-0.6728684,-0.8434803,-0.109057,-1.290679,1.192805,-0.3222772
1.866667,-0.008245423,-1.152504,0.1745329,-1.246317,0.4688069,-0.2792527,-0.6227443,-0.8727556,-0.1075298,-1.290587,1.077119,-0.3125482
1.9,-0.01058421,-1.15439,0.1745329,-1.243554,0.474105,-0.2792527,-0.5674965,-0.9049706,-0.1059581,-1.290469,0.9502446,-0.3018679
1.933333,-0.01278824,-1.156159,0.1745329,-1.240952,0.4792071,-0.2792527,-0.5084412,-0.9393755,-0.1043487,-1.290328,0.8150802,-0.2904537
1.966667,-0.01486138,-1.157814,0.1745329,-1.238527,0.4840993,-0.2792527,-0.4468974,-0.9752204,-0.1027079,-1.290166,0.6739747,-0.2785236
2,-0.01680749,-1.159359,0.1745329,-1.236296,0.4887694,-0.2792527,-0.3841764,-1.011758,-0.1010423,-1.289987,0.529511,-0.2662959
2.033333,-0.01863047,-1.160797,0.1745329,-1.234274,0.4932041,-0.2792527,-0.3215651,-1.048249,-0.0993586,-1.289793,0.3848193,-0.253989
2.066667,-0.0203342,-1.162131,0.1745329,-1.232477,0.4973911,-0.2792527,-0.2603133,-1.083961,-0.09766326,-1.289588,0.2431684,-0.2418216
2.1,-0.02192253,-1.163365,0.1745329,-1.230921,0.5013171,-0.2792527,-0.2019291,-1.118176,-0.09596284,-1.289373,0.1077813,-0.2300122
2.133333,-0.02339937,-1.164503,0.1745329,-1.229622,0.5049689,-0.2792527,-0.1477314,-1.149529,-0.0942639,-1.289151,-0.01763809,-0.2187788
2.166667,-0.02476857,-1.165546,0.1745329,-1.228594,0.5083346,-0.2792527,-0.0986733,-1.17706,-0.09257303,-1.288927,-0.1304011,-0.2083396
2.2,-0.026034,-1.1665,0.1745329,-1.227855,0.5114004,-0.2792527,-0.05572902,-1.200662,-0.09089675,-1.288701,-0.2287582,-0.1989119
2.233333,-0.02719956,-1.167366,0.1745329,-1.227421,0.5141541,-0.2792527,-0.01988948,-1.220227,-0.08929792,-1.288478,-0.3107453,-0.1907128
2.266667,-0.0282691,-1.168148,0.1745329,-1.227306,0.5165824,-0.2792527,0.007841411,-1.235644,-0.08783203,-1.288259,-0.3742211,-0.1839589
2.3,-0.02924651,-1.168851,0.1745329,-1.227526,0.5186725,-0.2792527,0.02644839,-1.2468,-0.08649464,-1.288048,-0.4168903,-0.1788667
2.333333,-0.03013564,-1.169476,0.1745329,-1.228098,0.5204115,-0.2792527,0.03490658,-1.253579,-0.08528125,-1.287848,-0.4363323,-0.1756525
2.366667,-0.03094039,-1.170027,0.1745329,-1.229038,0.5217867,-0.2792527,0.03763526,-1.255865,-0.08418745,-1.287661,-0.4416921,-0.1745329
2.4,-0.03166463,-1.170508,0.1745329,-1.23036,0.5227849,-0.2792527,0.03977431,-1.255865,-0.08320872,-1.287491,-0.4442078,-0.1745329
2.433333,-0.03231221,-1.170923,0.1745329,-1.232082,0.5233932,-0.2792527,0.04137434,-1.255865,-0.08234066,-1.287339,-0.4445359,-0.1745329
2.466667,-0.032887,-1.171273,0.1745329,-1.234218,0.5235988,-0.2792527,0.04248594,-1.255865,-0.08157875,-1.287209,-0.4433328,-0.174533
2.5,-0.03339288,-1.171563,0.1745329,-1.236786,0.5235988,-0.2792527,0.04315972,-1.255865,-0.08091859,-1.287104,-0.4412545,-0.174533
2.533333,-0.03383372,-1.171795,0.1745329,-1.239799,0.5235988,-0.2792527,0.04344628,-1.255865,-0.08035567,-1.287025,-0.4389575,-0.174533
2.566667,-0.03421339,-1.171975,0.1745329,-1.243276,0.5235988,-0.2792527,0.04339568,-1.255865,-0.07988554,-1.286978,-0.437098,-0.174533
2.6,-0.03453575,-1.172103,0.1745329,-1.24723,0.5235993,-0.2792527,0.04305852,-1.255865,-0.07950377,-1.286963,-0.4363324,-0.174533
2.633333,-0.03480469,-1.172184,0.1745329,-1.251679,0.5235993,-0.2792527,0.04248594,-1.255865,-0.07920584,-1.286984,-0.4363324,-0.174533
2.666667,-0.03502405,-1.172222,0.1745329,-1.256637,0.5235993,-0.2792527,0.041728,-1.255865,-0.07898734,-1.287044,-0.4363324,-0.174533
2.7,-0.03519771,-1.172219,0.1745329,-1.261659,0.5235993,-0.2792527,0.04083531,-1.255865,-0.07884379,-1.287145,-0.4363324,-0.174533
2.733333,-0.03532955,-1.172179,0.1745329,-1.266297,0.5235993,-0.2792527,0.03985847,-1.255865,-0.07877073,-1.287291,-0.4363324,-0.174533
2.766667,-0.03542342,-1.172104,0.1745329,-1.270565,0.5235993,-0.2792527,0.03884806,-1.255865,-0.0787637,-1.287483,-0.4363324,-0.174533
2.8,-0.03548319,-1.172,0.1745329,-1.274475,0.5235993,-0.2792527,0.03785417,-1.255865,-0.07881824,-1.287726,-0.4363325,-0.174533
2.833333,-0.03551274,-1.171868,0.1745329,-1.278042,0.5235993,-0.2792527,0.03692792,-1.255865,-0.0789299,-1.288021,-0.4363325,-0.174533
2.866667,-0.03551593,-1.171712,0.1745329,-1.281279,0.5235993,-0.2792527,0.03611939,-1.255865,-0.0790942,-1.288372,-0.4363325,-0.174533
2.9,-0.03549663,-1.171535,0.1745329,-1.284199,0.5235993,-0.2792527,0.03547917,-1.255865,-0.07930669,-1.288781,-0.4363325,-0.174533
2.933333,-0.03545871,-1.171341,0.1745329,-1.286817,0.5235993,-0.2792527,0.03505839,-1.255865,-0.07956291,-1.289251,-0.4363325,-0.174533
2.966667,-0.03540605,-1.171134,0.1745329,-1.289145,0.5235993,-0.2792527,0.03490658,-1.255865,-0.0798584,-1.289785,-0.4363325,-0.174533
3,-0.0353425,-1.170915,0.1745329,-1.291197,0.5235993,-0.2792527,0.03490658,-1.255865,-0.08018871,-1.290386,-0.4363325,-0.174533
3.033333,-0.03527194,-1.170689,0.1745329,-1.292988,0.5235993,-0.2792527,0.03490658,-1.255865,-0.08054935,-1.291057,-0.4363325,-0.174533
3.066667,-0.03519822,-1.17046,0.1745329,-1.294529,0.5235993,-0.2792527,0.03490658,-1.255865,-0.08093589,-1.2918,-0.4363325,-0.174533
3.1,-0.03512523,-1.17023,0.1745329,-1.295835,0.5235993,-0.2792527,0.03490658,-1.255865,-0.08134386,-1.292618,-0.4363325,-0.174533
3.133333,-0.03505684,-1.170002,0.1745329,-1.29692,0.5235993,-0.2792527,0.03490658,-1.255865,-0.08176879,-1.293514,-0.4363325,-0.174533
3.166667,-0.03499691,-1.16978,0.1745329,-1.297796,0.5235993,-0.2792527,0.03490658,-1.255865,-0.08220624,-1.294491,-0.4363326,-0.174533
3.2,-0.03494932,-1.169567,0.1745329,-1.298478,0.5235993,-0.2792527,0.03490658,-1.255865,-0.08265172,-1.295552,-0.4363326,-0.174533
3.233333,-0.03491792,-1.169367,0.1745329,-1.298979,0.5235993,-0.2792527,0.03490658,-1.255865,-0.0831008,-1.296699,-0.4363326,-0.174533
3.266667,-0.03490659,-1.169183,0.1745329,-1.299312,0.5235993,-0.2792527,0.03490658,-1.255865,-0.08354899,-1.297936,-0.4363326,-0.174533
3.3,-0.03490659,-1.169018,0.1745329,-1.299491,0.5235988,-0.2792527,0.03490658,-1.255865,-0.08399186,-1.299264,-0.4363326,-0.174533
3.333333,-0.03490659,-1.168876,0.1745329,-1.29953,0.5235988,-0.2792527,0.03490658,-1.255865,-0.08442492,-1.300688,-0.4363326,-0.174533
3.366667,-0.03490659,-1.168759,0.1745329,-1.299441,0.5235988,-0.2792527,0.03490658,-1.255865,-0.08484374,-1.302209,-0.4363326,-0.174533
3.4,-0.03490659,-1.168672,0.1745329,-1.29924,0.5235988,-0.2792527,0.03490658,-1.255865,-0.08524384,-1.303831,-0.4363326,-0.174533
3.433333,-0.03490659,-1.168617,0.1745329,-1.298938,0.5235988,-0.2792527,0.03490658,-1.255865,-0.08562077,-1.305679,-0.4363326,-0.1745329
3.466667,-0.03490659,-1.168598,0.1745329,-1.29855,0.5235988,-0.2792527,0.03490658,-1.255865,-0.08597005,-1.307832,-0.4363326,-0.1745329
3.5,-0.03490659,-1.168598,0.1745329,-1.298088,0.5235988,-0.2792527,0.03490658,-1.255865,-0.08628724,-1.310221,-0.4363326,-0.1745329
3.533333,-0.03490659,-1.168598,0.1745329,-1.297568,0.5235988,-0.2792527,0.03490658,-1.255865,-0.08656785,-1.312777,-0.4363326,-0.1745329
3.566667,-0.03490659,-1.168598,0.1745329,-1.297001,0.5235988,-0.2792527,0.03490658,-1.255865,-0.08680745,-1.315432,-0.4363326,-0.1745329
3.6,-0.03490659,-1.168598,0.1745329,-1.296402,0.5235988,-0.2792527,0.03490658,-1.255865,-0.08700158,-1.318117,-0.4363326,-0.1745329
3.633333,-0.03490659,-1.168598,0.1745329,-1.295784,0.5235988,-0.2792527,0.03490658,-1.255865,-0.08714577,-1.320763,-0.4363326,-0.1745329
3.666667,-0.03490659,-1.168598,0.1745329,-1.295161,0.5235988,-0.2792527,0.03490658,-1.255865,-0.08723556,-1.323302,-0.4363326,-0.1745329
3.7,-0.03490659,-1.168598,0.1745329,-1.294546,0.5235988,-0.2792527,0.03490658,-1.255865,-0.08726646,-1.325665,-0.4363325,-0.1745329
3.733333,-0.03490659,-1.168598,0.1745329,-1.293953,0.5235988,-0.2792527,0.03490658,-1.255865,-0.08726645,-1.327782,-0.4363325,-0.1745329
3.766667,-0.0349066,-1.168598,0.1745329,-1.293395,0.5235988,-0.2792527,0.03490658,-1.255865,-0.08726645,-1.329587,-0.4363325,-0.1745329
3.8,-0.0349066,-1.168598,0.1745329,-1.292886,0.5235988,-0.2792527,0.03490658,-1.255865,-0.08726645,-1.331009,-0.4363325,-0.1745329
3.833333,-0.0349066,-1.168598,0.1745329,-1.292439,0.5235988,-0.2792527,0.03490658,-1.255865,-0.08726645,-1.33198,-0.4363325,-0.1745329
3.866667,-0.0349066,-1.168598,0.1745329,-1.292067,0.5235988,-0.2792527,0.03490658,-1.255865,-0.08726645,-1.332433,-0.4363325,-0.1745329
3.9,-0.0349066,-1.168598,0.1745329,-1.291785,0.5235988,-0.2792527,0.03490658,-1.255865,-0.08726645,-1.332296,-0.4363325,-0.1745329
3.933333,-0.0349066,-1.168598,0.1745329,-1.291607,0.5235988,-0.2792527,0.03490658,-1.255865,-0.08726645,-1.331503,-0.4363325,-0.1745329
3.966667,-0.0349066,-1.168598,0.1745329,-1.291544,0.5235988,-0.2792527,0.03490658,-1.255865,-0.08726645,-1.329984,-0.4363325,-0.174533
4,-0.0349066,-1.168598,0.1745329,-1.290368,0.5235988,-0.2792527,0.03490658,-1.255865,-0.08726645,-1.327671,-0.4363325,-0.174533
4.033333,-0.0349066,-1.168598,0.1745329,-1.287094,0.5235988,-0.2792527,0.03490658,-1.255865,-0.08726645,-1.324495,-0.4363325,-0.174533
4.066667,-0.0349066,-1.168598,0.1745329,-1.282104,0.5235988,-0.2792527,0.03490658,-1.255865,-0.08726645,-1.319641,-0.4363324,-0.174533
4.1,-0.0349066,-1.168598,0.1745329,-1.275779,0.5235988,-0.2792527,0.03490658,-1.255865,-0.08726645,-1.312743,-0.4363324,-0.174533
4.133333,-0.0349066,-1.168598,0.1745329,-1.2685,0.5235988,-0.2792527,0.03490658,-1.255865,-0.08726645,-1.304406,-0.4363324,-0.174533
4.166667,-0.0349066,-1.168598,0.1745329,-1.260649,0.5235988,-0.2792527,0.03490658,-1.255865,-0.08726645,-1.295237,-0.4363324,-0.174533
4.2,-0.0349066,-1.168598,0.1745329,-1.252607,0.5235988,-0.2792527,0.03490658,-1.255865,-0.08726645,-1.285843,-0.4363324,-0.174533
4.233333,-0.03490661,-1.168598,0.1745329,-1.244757,0.5235988,-0.2792527,0.03490658,-1.255865,-0.08726645,-1.276831,-0.4363324,-0.174533
4.266667,-0.03490661,-1.168598,0.1745329,-1.23748,0.5235988,-0.2792527,0.03490658,-1.255865,-0.08726645,-1.268807,-0.4363324,-0.174533
4.3,-0.03490661,-1.168598,0.1745329,-1.231158,0.5235988,-0.2792527,0.03490658,-1.255865,-0.08726645,-1.262379,-0.4363323,-0.174533
4.333333,-0.03490661,-1.168598,0.1745329,-1.226172,0.5235988,-0.2792527,0.03490658,-1.255865,-0.08726645,-1.258151,-0.4363323,-0.174533
4.366667,-0.03490661,-1.168598,0.1745329,-1.222904,0.5235988,-0.2792527,0.03490658,-1.255865,-0.08726645,-1.256732,-0.4363323,-0.174533
4.4,-0.03490661,-1.168598,0.1745329,-1.221735,0.5235988,-0.2792527,0.03490658,-1.255865,-0.08726645,-1.257024,-0.4363323,-0.174533
4.433333,-0.03490661,-1.168598,0.1745329,-1.221716,0.5235988,-0.2792527,0.03490658,-1.255865,-0.08726645,-1.257522,-0.4363323,-0.174533
4.466667,-0.03490661,-1.168598,0.1745329,-1.221648,0.5235988,-0.2792527,0.03490658,-1.255865,-0.08726645,-1.258212,-0.4363323,-0.174533
4.5,-0.03490661,-1.168598,0.1745329,-1.221542,0.5235988,-0.2792527,0.03490658,-1.255865,-0.08726645,-1.259083,-0.4363323,-0.174533
4.533333,-0.0349066,-1.168598,0.1745329,-1.221404,0.5235988,-0.2792527,0.03490658,-1.255865,-0.08726645,-1.260121,-0.4363323,-0.1745329
4.566667,-0.0349066,-1.168598,0.1745329,-1.221243,0.5235988,-0.2792527,0.03490658,-1.255865,-0.08726645,-1.261316,-0.4363323,-0.1745329
4.6,-0.0349066,-1.168598,0.1745329,-1.221067,0.5235988,-0.2792527,0.03490658,-1.255865,-0.08726645,-1.262655,-0.4363323,-0.1745329
4.633333,-0.0349066,-1.168598,0.1745329,-1.220885,0.5235988,-0.2792527,0.03490658,-1.255865,-0.08726645,-1.264125,-0.4363322,-0.1745329
4.666667,-0.0349066,-1.168598,0.1745329,-1.220704,0.5235988,-0.2792527,0.03490658,-1.255865,-0.08726645,-1.265714,-0.4363322,-0.1745329
4.7,-0.0349066,-1.168598,0.1745329,-1.220533,0.5235988,-0.2792527,0.03490658,-1.255865,-0.08726645,-1.26741,-0.4363322,-0.1745329
4.733333,-0.0349066,-1.168598,0.1745329,-1.220379,0.5235988,-0.2792527,0.03490658,-1.255865,-0.08726645,-1.2692,-0.4363322,-0.1745329
4.766667,-0.0349066,-1.168598,0.1745329,-1.220252,0.5235988,-0.2792527,0.03490658,-1.255865,-0.08726645,-1.271073,-0.4363322,-0.1745329
4.8,-0.0349066,-1.168598,0.1745329,-1.22016,0.5235988,-0.2792527,0.03490658,-1.255865,-0.08726645,-1.273016,-0.4363322,-0.1745329
4.833333,-0.03490659,-1.168598,0.1745329,-1.220109,0.5235988,-0.2792527,0.03490658,-1.255865,-0.08726645,-1.275017,-0.4363321,-0.1745329
4.866667,-0.03490659,-1.168598,0.1745329,-1.22011,0.5235988,-0.2792527,0.03490658,-1.255865,-0.08726645,-1.277063,-0.4363321,-0.1745329
4.9,-0.03490659,-1.168598,0.1745329,-1.220169,0.5235988,-0.2792527,0.03490658,-1.255865,-0.08726645,-1.279143,-0.4363321,-0.1745329
4.933333,-0.03490659,-1.168598,0.1745329,-1.220295,0.5235988,-0.2792527,0.03490658,-1.255865,-0.08726645,-1.281243,-0.4363321,-0.1745329
4.966667,-0.03490658,-1.168598,0.1745329,-1.220497,0.5235988,-0.2792527,0.03490658,-1.255865,-0.08726645,-1.283352,-0.4363321,-0.1745329
5,-0.03490658,-1.168598,0.1745329,-1.220782,0.5235988,-0.2792527,0.03490658,-1.255865,-0.08726645,-1.285458,-0.4363321,-0.1745329
5.033333,-0.03490658,-1.168598,0.1745329,-1.221158,0.5235988,-0.2792527,0.03490658,-1.255865,-0.08726645,-1.287548,-0.4363321,-0.1745329
5.066667,-0.03490657,-1.168598,0.1745329,-1.221635,0.5235988,-0.2792527,0.03490658,-1.255865,-0.08726645,-1.28961,-0.4363321,-0.1745329
5.1,-0.03490656,-1.168598,0.1745329,-1.222219,0.5235988,-0.2792527,0.03490658,-1.255865,-0.08726645,-1.291632,-0.4363321,-0.1745328
5.133333,-0.03490655,-1.168737,0.1745329,-1.22292,0.5235988,-0.2792527,0.03490658,-1.255865,-0.08726645,-1.2936,-0.4363321,-0.1745328
5.166667,-0.03490654,-1.16912,0.1745329,-1.223746,0.5235988,-0.2792527,0.03490658,-1.255865,-0.08726645,-1.295504,-0.4363321,-0.1745328
5.2,-0.03490654,-1.169694,0.1745329,-1.224703,0.5235988,-0.2792527,0.03490658,-1.255865,-0.08726645,-1.29733,-0.4363321,-0.1745328
5.233333,-0.03490653,-1.170407,0.1745329,-1.225802,0.5235988,-0.2792527,0.03490658,-1.255865,-0.08726645,-1.299067,-0.4363321,-0.1745328
5.266667,-0.03490652,-1.171207,0.1745329,-1.22705,0.5235988,-0.2792527,0.03490658,-1.255865,-0.08726645,-1.300703,-0.4363321,-0.1745328
5.3,-0.03490652,-1.172042,0.1745329,-1.228455,0.5235988,-0.2792527,0.03490658,-1.255865,-0.08726645,-1.302224,-0.4363321,-0.1745328
5.333333,-0.03490651,-1.17286,0.1745329,-1.230026,0.5235988,-0.2792527,0.03490658,-1.255865,-0.08726645,-1.30362,-0.4363321,-0.1745328
5.366667,-0.03490651,-1.173608,0.1745329,-1.23177,0.5235988,-0.2792527,0.03490658,-1.255865,-0.08726645,-1.304876,-0.4363321,-0.1745328
5.4,-0.03490651,-1.174234,0.1745329,-1.233696,0.5235988,-0.2792527,0.03490658,-1.255865,-0.08726645,-1.305982,-0.4363321,-0.1745328
5.433333,-0.03490651,-1.174686,0.1745329,-1.235813,0.5235988,-0.2792527,0.03490658,-1.255865,-0.08726645,-1.306924,-0.4363321,-0.1745329
5.466667,-0.03490652,-1.174912,0.1745329,-1.238127,0.5235988,-0.2792527,0.03490658,-1.255865,-0.08726645,-1.307692,-0.4363321,-0.1745329
5.5,-0.03490653,-1.17486,0.1745329,-1.240648,0.5235988,-0.2792527,0.03490658,-1.255865,-0.08726645,-1.308272,-0.4363322,-0.1745329
5.533333,-0.03490653,-1.174477,0.1745329,-1.243384,0.5235988,-0.2792527,0.03490658,-1.255865,-0.08726645,-1.308652,-0.4363322,-0.1745329
5.566667,-0.03490655,-1.173712,0.1745329,-1.246342,0.5235988,-0.2792527,0.03490658,-1.255865,-0.08726645,-1.308819,-0.4363322,-0.1745329
5.6,-0.03490657,-1.172512,0.1745329,-1.249532,0.5235988,-0.2792527,0.03490658,-1.255865,-0.08726645,-1.308763,-0.4363322,-0.1745329
5.633333,-0.03490659,-1.170825,0.1745329,-1.252961,0.5235988,-0.2792527,0.03490658,-1.255865,-0.08726645,-1.308469,-0.4363323,-0.1745329
5.666667,-0.03923472,-1.168598,0.1745329,-1.256637,0.5276356,-0.2792527,0.03490658,-1.255865,-0.08726645,-1.307927,-0.4363323,-0.1745329
5.7,-0.05240021,-1.161707,0.1745329,-1.26223,0.5412726,-0.2792527,0.03490658,-1.255865,-0.08726645,-1.306302,-0.4363323,-0.1745329
5.733333,-0.07467838,-1.147183,0.1745329,-1.270897,0.5668032,-0.2792527,0.03490658,-1.255865,-0.08726645,-1.30301,-0.4363323,-0.174533
5.766667,-0.106355,-1.126709,0.1745329,-1.281874,0.606537,-0.2792527,0.03490658,-1.255865,-0.08726645,-1.298409,-0.4363323,-0.174533
5.8,-0.1477249,-1.101976,0.1745329,-1.2944,0.6575148,-0.2792527,0.03490658,-1.255865,-0.08726645,-1.292861,-0.4363323,-0.174533
5.833333,-0.1954135,-1.074677,0.1745329,-1.307711,0.7125905,-0.2792527,0.03490658,-1.255865,-0.08726645,-1.286726,-0.4363323,-0.174533
5.866667,-0.2438422,-1.046514,0.1745329,-1.321042,0.7677457,-0.2792527,0.03490658,-1.255865,-0.08726644,-1.280364,-0.4363324,-0.174533
5.9,-0.2899748,-1.019187,0.1745329,-1.33363,0.8189039,-0.2792527,0.03490658,-1.255865,-0.08726644,-1.274136,-0.4363324,-0.174533
5.933333,-0.3307507,-0.9943951,0.1745329,-1.34471,0.8619753,-0.2792527,0.03490658,-1.255865,-0.08726644,-1.268402,-0.4363324,-0.174533
5.966667,-0.3631037,-0.9738253,0.1745329,-1.353518,0.8928834,-0.2792527,0.03490658,-1.255865,-0.08726644,-1.263522,-0.4363325,-0.174533
6,-0.3839726,-0.9591588,0.1745329,-1.359292,0.9075712,-0.2792527,0.03490658,-1.255865,-0.08726644,-1.259858,-0.4363325,-0.1745331
6.033333,-0.397123,-0.9485386,0.1745329,-1.36127,0.9115851,-0.2792527,0.03490658,-1.255865,-0.08726644,-1.257768,-0.4363325,-0.1745331
6.066667,-0.4084534,-0.9389566,0.1745329,-1.360989,0.9133599,-0.2792527,0.03490658,-1.255865,-0.08726643,-1.257614,-0.4363325,-0.1745331
6.1,-0.4181018,-0.9303652,0.1745329,-1.360494,0.9131686,-0.2792527,0.03490658,-1.255865,-0.08726643,-1.258624,-0.4363326,-0.1745331
6.133333,-0.4262062,-0.9227166,0.1745329,-1.359786,0.9112837,-0.2792527,0.03490658,-1.255865,-0.08726643,-1.259777,-0.4363326,-0.1745331
6.166667,-0.432905,-0.9159623,0.1745329,-1.358863,0.907976,-0.2792527,0.03490658,-1.255865,-0.08726643,-1.261057,-0.4363326,-0.1745331
6.2,-0.4383361,-0.9100538,0.1745329,-1.357726,0.9035195,-0.2792527,0.03490658,-1.255865,-0.08726643,-1.262451,-0.4363326,-0.1745331
6.233333,-0.4426374,-0.9049437,0.1745329,-1.356374,0.8981851,-0.2792527,0.03490658,-1.255865,-0.08726643,-1.263942,-0.4363326,-0.1745331
6.266667,-0.4459471,-0.9005842,0.1745329,-1.354807,0.8922452,-0.2792527,0.03490658,-1.255865,-0.08726643,-1.265516,-0.4363326,-0.1745331
6.3,-0.4484024,-0.896926,0.1745329,-1.353024,0.885973,-0.2792527,0.03490658,-1.255865,-0.08726643,-1.267159,-0.4363326,-0.1745331
6.333333,-0.4501411,-0.8939225,0.1745329,-1.351026,0.8796394,-0.2792527,0.03490658,-1.255865,-0.08726642,-1.268855,-0.4363326,-0.1745331
6.366667,-0.4513009,-0.8915251,0.1745329,-1.348811,0.8735179,-0.2792527,0.03490658,-1.255865,-0.08726642,-1.270589,-0.4363326,-0.1745331
6.4,-0.4520191,-0.8896865,0.1745329,-1.346379,0.8673527,-0.2792527,0.03490658,-1.255865,-0.08726642,-1.272347,-0.4363326,-0.1745331
6.433333,-0.4524333,-0.8883587,0.1745329,-1.34373,0.8606868,-0.2792527,0.03490658,-1.255865,-0.08726642,-1.274114,-0.4363326,-0.1745331
6.466667,-0.452681,-0.8874931,0.1745329,-1.340865,0.853485,-0.2792527,0.03490658,-1.255865,-0.08726642,-1.275874,-0.4363326,-0.1745331
6.5,-0.4528998,-0.887043,0.1745329,-1.337781,0.8457134,-0.2792527,0.03490658,-1.255865,-0.08726642,-1.277614,-0.4363326,-0.1745331
6.533333,-0.4532272,-0.8869604,0.1745329,-1.334479,0.8373378,-0.2792527,0.03490658,-1.255865,-0.08726642,-1.279317,-0.4363326,-0.1745331
6.566667,-0.4536555,-0.887197,0.1745329,-1.330958,0.8283235,-0.2792527,0.03490658,-1.255865,-0.08726642,-1.28097,-0.4363326,-0.1745331
6.6,-0.4536606,-0.8877051,0.1745329,-1.327219,0.8186355,-0.2792527,0.03490658,-1.255865,-0.08726643,-1.282557,-0.4363326,-0.1745331
6.633333,-0.4526058,-0.8884374,0.1745329,-1.323259,0.8082385,-0.2792527,0.03490658,-1.255865,-0.08726643,-1.284064,-0.4363326,-0.1745331
6.666667,-0.4498544,-0.8893456,0.1745329,-1.319081,0.797098,-0.2792527,0.03490658,-1.255865,-0.08726643,-1.285475,-0.4363326,-0.1745331
6.7,-0.4447696,-0.8922346,0.1745329,-1.314682,0.7851782,-0.2792527,0.03490658,-1.255865,-0.08726643,-1.286776,-0.4363326,-0.1745331
6.733333,-0.4367139,-0.8986768,0.1745329,-1.310062,0.7724435,-0.2792527,0.03490658,-1.255865,-0.08726643,-1.287951,-0.4363326,-0.1745331
6.766667,-0.4250491,-0.9082764,0.1745329,-1.305222,0.7588581,-0.2792527,0.03490658,-1.255865,-0.08726643,-1.288987,-0.4363326,-0.1745331
6.8,-0.4091361,-0.9206377,0.1745329,-1.30016,0.744386,-0.2792527,0.03490658,-1.255865,-0.08726644,-1.289868,-0.4363325,-0.1745331
6.833333,-0.3883358,-0.9353645,0.1745329,-1.294876,0.7289913,-0.2792527,0.03490658,-1.255865,-0.08726644,-1.290579,-0.4363325,-0.1745331
6.866667,-0.3633979,-0.9520604,0.1745329,-1.289369,0.7126374,-0.2792527,0.03490658,-1.255865,-0.08726644,-1.291105,-0.4363325,-0.1745331
6.9,-0.3359118,-0.970327,0.1745329,-1.28364,0.695289,-0.2792527,0.03490658,-1.255865,-0.08726645,-1.291432,-0.4363325,-0.1745331
6.933333,-0.306502,-0.9897649,0.1745329,-1.277688,0.6769084,-0.2792527,0.03490658,-1.255865,-0.08726645,-1.291544,-0.4363325,-0.1745331
6.966667,-0.275799,-1.009975,0.1745329,-1.271512,0.6582178,-0.2792527,0.03490658,-1.255865,-0.08726645,-1.291544,-0.4363325,-0.174533
7,-0.2444391,-1.030557,0.1745329,-1.265112,0.6400705,-0.2792527,0.03490658,-1.255865,-0.08726645,-1.291544,-0.4363325,-0.174533
7.033333,-0.2130626,-1.05111,0.1745329,-1.258487,0.6226311,-0.2792527,0.03490658,-1.255865,-0.08726645,-1.291544,-0.4363325,-0.174533
7.066667,-0.182312,-1.071236,0.1745329,-1.252059,0.6060635,-0.2792527,0.03490658,-1.255865,-0.08726646,-1.291544,-0.4363324,-0.174533
7.1,-0.15283,-1.090537,0.1745329,-1.246232,0.5905342,-0.2792527,0.03490658,-1.255865,-0.08726646,-1.291544,-0.4363324,-0.174533
7.133333,-0.1252574,-1.10862,0.1745329,-1.24098,0.5762085,-0.2792527,0.03490658,-1.255865,-0.08726647,-1.291544,-0.4363324,-0.174533
7.166667,-0.1002316,-1.12509,0.1745329,-1.236277,0.5632522,-0.2792527,0.03490658,-1.255865,-0.08726647,-1.291544,-0.4363324,-0.174533
7.2,-0.0783867,-1.139556,0.1745329,-1.232096,0.5518315,-0.2792527,0.03490658,-1.255865,-0.08726647,-1.291544,-0.4363324,-0.174533
7.233333,-0.06035358,-1.151407,0.1745329,-1.228412,0.5421131,-0.2792527,0.03490658,-1.255865,-0.08726647,-1.291544,-0.4363324,-0.1745329
7.266667,-0.04674823,-1.1605,0.1745329,-1.225199,0.5342642,-0.2792527,0.03490658,-1.255865,-0.08726647,-1.291544,-0.4363324,-0.1745329
7.3,-0.03733405,-1.167151,0.1745329,-1.222431,0.5284505,-0.2792527,0.03490658,-1.255865,-0.08726647,-1.291544,-0.4363324,-0.1745329
7.333333,-0.03146062,-1.171674,0.1745329,-1.220081,0.5248398,-0.2792527,0.03490658,-1.255865,-0.08726647,-1.291544,-0.4363324,-0.1745329
7.366667,-0.02847777,-1.174385,0.1745329,-1.218124,0.5235988,-0.2792527,0.03490658,-1.255865,-0.08726647,-1.291544,-0.4363324,-0.1745329
7.4,-0.02773575,-1.175599,0.1745329,-1.216533,0.5235988,-0.2792527,0.03490658,-1.255865,-0.08726649,-1.291544,-0.4363323,-0.1745329
7.433333,-0.02858505,-1.175629,0.1745329,-1.215283,0.5235988,-0.2792527,0.03490658,-1.255865,-0.08726649,-1.291544,-0.4363323,-0.1745329
7.466667,-0.03037627,-1.174793,0.1745329,-1.214347,0.5235988,-0.2792527,0.03490658,-1.255865,-0.08726649,-1.291544,-0.4363323,-0.1745328
7.5,-0.03246,-1.173402,0.1745329,-1.213699,0.5235988,-0.2792527,0.03490658,-1.255865,-0.08726649,-1.291544,-0.4363323,-0.1745328
7.533333,-0.03418666,-1.171772,0.1745329,-1.213315,0.5235988,-0.2792527,0.03490658,-1.255865,-0.08726649,-1.291544,-0.4363323,-0.1745328
7.566667,-0.03490658,-1.170219,0.1745329,-1.213166,0.5235988,-0.2792527,0.03490658,-1.255865,-0.08726649,-1.291544,-0.4363323,-0.1745328
7.6,-0.03490659,-1.169056,0.1745329,-1.213228,0.5235988,-0.2792527,0.03490658,-1.255865,-0.08726649,-1.291544,-0.4363323,-0.1745328
7.633333,-0.03490659,-1.168598,0.1745329,-1.213474,0.5235988,-0.2792527,0.03490658,-1.255865,-0.08726649,-1.291544,-0.4363324,-0.1745328
7.666667,-0.03490659,-1.168598,0.1745329,-1.213879,0.5235988,-0.2792527,0.03490658,-1.255865,-0.08726649,-1.291544,-0.4363324,-0.1745328
7.7,-0.03490659,-1.168598,0.1745329,-1.214416,0.5235988,-0.2792527,0.03490658,-1.255865,-0.08726649,-1.291544,-0.4363324,-0.1745328
7.733333,-0.03490659,-1.168598,0.1745329,-1.21506,0.5235988,-0.2792527,0.03490658,-1.255865,-0.08726649,-1.291544,-0.4363324,-0.1745328
7.766667,-0.03490659,-1.168598,0.1745329,-1.215784,0.5235988,-0.2792527,0.03490658,-1.255865,-0.08726649,-1.291544,-0.4363325,-0.1745328
7.8,-0.03490659,-1.168598,0.1745329,-1.216563,0.5235988,-0.2792527,0.03490658,-1.255865,-0.08726649,-1.291544,-0.4363325,-0.1745328
7.833333,-0.03490659,-1.168598,0.1745329,-1.21737,0.5235988,-0.2792527,0.03490658,-1.255865,-0.08726649,-1.291544,-0.4363325,-0.1745328
7.866667,-0.03490659,-1.168598,0.1745329,-1.218179,0.5235988,-0.2792527,0.03490658,-1.255865,-0.08726649,-1.291544,-0.4363325,-0.1745328
7.9,-0.03490659,-1.168598,0.1745329,-1.218966,0.5235988,-0.2792527,0.03490658,-1.255865,-0.08726647,-1.291544,-0.4363326,-0.1745328
7.933333,-0.03490659,-1.168598,0.1745329,-1.219702,0.5235988,-0.2792527,0.03490658,-1.255865,-0.08726647,-1.291544,-0.4363326,-0.1745328
7.966667,-0.03490659,-1.168598,0.1745329,-1.220363,0.5235988,-0.2792527,0.03490658,-1.255865,-0.08726647,-1.291544,-0.4363326,-0.1745328
8,-0.03490659,-1.168598,0.1745329,-1.220922,0.5235988,-0.2792527,0.03490658,-1.255865,-0.08726647,-1.291544,-0.4363327,-0.1745328
8.033334,-0.03490659,-1.168598,0.1745329,-1.221354,0.5235988,-0.2792527,0.03490658,-1.255865,-0.08726647,-1.291544,-0.4363327,-0.1745328
8.066667,-0.03490659,-1.168598,0.1745329,-1.221632,0.5235988,-0.2792527,0.03490658,-1.255865,-0.08726647,-1.291544,-0.4363327,-0.1745328
8.1,-0.03490659,-1.168598,0.1745329,-1.22173,0.5235988,-0.2792527,0.03490658,-1.255865,-0.08726647,-1.291544,-0.4363327,-0.1745328
8.133333,-0.03490659,-1.168598,0.1745329,-1.22173,0.5235988,-0.2792527,0.03490658,-1.255865,-0.08726647,-1.291544,-0.4363328,-0.1745328
8.166667,-0.03490659,-1.168598,0.1745329,-1.22173,0.5235988,-0.2792527,0.03490658,-1.255865,-0.08726647,-1.291544,-0.4363328,-0.1745328
8.2,-0.03490659,-1.168598,0.1745329,-1.22173,0.5235988,-0.2792527,0.03490658,-1.255865,-0.08726647,-1.291544,-0.4363328,-0.1745329
8.233334,-0.03490659,-1.168598,0.1745329,-1.22173,0.5235988,-0.2792527,0.03490658,-1.255865,-0.08726647,-1.291544,-0.4363328,-0.1745329
8.266666,-0.03490659,-1.168598,0.1745329,-1.22173,0.5235988,-0.2792527,0.03490658,-1.255865,-0.08726647,-1.291544,-0.4363328,-0.1745329
8.3,-0.03490659,-1.168598,0.1745329,-1.22173,0.5235988,-0.2792527,0.03490658,-1.255865,-0.08726647,-1.291544,-0.4363328,-0.1745329
8.333333,-0.03490659,-1.168598,0.1745329,-1.22173,0.5235988,-0.2792527,0.03490658,-1.255865,-0.08726647,-1.289348,-0.4363328,-0.1773433
8.366667,-0.03490659,-1.168598,0.1745329,-1.22173,0.5235988,-0.2792527,0.03490658,-1.255865,-0.08726647,-1.283292,-0.4363328,-0.1851461
8.4,-0.03490659,-1.168598,0.1745329,-1.22173,0.5235988,-0.2792527,0.03490658,-1.255865,-0.08726646,-1.274173,-0.4363328,-0.1969981
8.433333,-0.03490659,-1.168598,0.1745329,-1.22173,0.5235988,-0.2792527,0.03490658,-1.255865,-0.08726646,-1.26279,-0.4363328,-0.2119571
8.466666,-0.03490659,-1.168598,0.1745329,-1.22173,0.5235988,-0.2792527,0.03490658,-1.255865,-0.08726646,-1.249941,-0.4363327,-0.2290792
8.5,-0.03490659,-1.168598,0.1745329,-1.22173,0.5235988,-0.2792527,0.03490658,-1.255865,-0.08726646,-1.236424,-0.4363327,-0.247422
8.533334,-0.03490659,-1.168598,0.1745329,-1.22173,0.5235988,-0.2792527,0.03490658,-1.255865,-0.08726646,-1.223041,-0.4363326,-0.2660426
8.566667,-0.03490659,-1.168598,0.1745329,-1.22173,0.5235988,-0.2792527,0.03490658,-1.255865,-0.08726646,-1.210592,-0.4363326,-0.2839999
8.6,-0.03490659,-1.168598,0.1745329,-1.22173,0.5235988,-0.2792527,0.03490658,-1.255865,-0.08726646,-1.199873,-0.4363325,-0.2986451
8.633333,-0.03490659,-1.168598,0.1745329,-1.22173,0.5235988,-0.2792527,0.03490658,-1.255865,-0.08726646,-1.191685,-0.4363325,-0.3084499
8.666667,-0.03490659,-1.168598,0.1745329,-1.22173,0.5235988,-0.2792527,0.03490658,-1.255865,-0.08726646,-1.186824,-0.4363324,-0.3141593
