behavior_id,emotion_id,emotion_zh_label,prompt,negative_prompt,output_name,output_format,requires_bvh_without_t_pose
Behavior.IdleLowPower,neutral,中性,"A human performer stands quietly with subtle breathing, a slow head scan, soft eye movement, and occasional finger relaxation, performed with neutral emotion.","text, subtitles, watermark, logo, robot, mechanical body, camera cut, cropped body, hidden hands, blurry limbs, extra fingers, distorted anatomy, unreadable pose, chaotic background",idlelowpower__neutral.bvh,bvh_without_t_pose,True
Behavior.IdleLowPower,sad,悲伤,"A human performer stands quietly with subtle breathing, a slow head scan, soft eye movement, and occasional finger relaxation, performed with sad emotion.","text, subtitles, watermark, logo, robot, mechanical body, camera cut, cropped body, hidden hands, blurry limbs, extra fingers, distorted anatomy, unreadable pose, chaotic background",idlelowpower__sad.bvh,bvh_without_t_pose,True
Behavior.IdleLowPower,happy,开心,"A human performer stands quietly with subtle breathing, a slow head scan, soft eye movement, and occasional finger relaxation, performed with happy emotion.","text, subtitles, watermark, logo, robot, mechanical body, camera cut, cropped body, hidden hands, blurry limbs, extra fingers, distorted anatomy, unreadable pose, chaotic background",idlelowpower__happy.bvh,bvh_without_t_pose,True
Behavior.IdleLowPower,angry,愤怒,"A human performer stands quietly with subtle breathing, a slow head scan, soft eye movement, and occasional finger relaxation, performed with angry emotion.","text, subtitles, watermark, logo, robot, mechanical body, camera cut, cropped body, hidden hands, blurry limbs, extra fingers, distorted anatomy, unreadable pose, chaotic background",idlelowpower__angry.bvh,bvh_without_t_pose,True
Behavior.IdleLowPower,surprise,惊讶,"A human performer stands quietly with subtle breathing, a slow head scan, soft eye movement, and occasional finger relaxation, performed with surprise emotion.","text, subtitles, watermark, logo, robot, mechanical body, camera cut, cropped body, hidden hands, blurry limbs, extra fingers, distorted anatomy, unreadable pose, chaotic background",idlelowpower__surprise.bvh,bvh_without_t_pose,True
Behavior.IdleLowPower,fear,恐惧,"A human performer stands quietly with subtle breathing, a slow head scan, soft eye movement, and occasional finger relaxation, performed with fear emotion.","text, subtitles, watermark, logo, robot, mechanical body, camera cut, cropped body, hidden hands, blurry limbs, extra fingers, distorted anatomy, unreadable pose, chaotic background",idlelowpower__fear.bvh,bvh_without_t_pose,True
Behavior.IdleQuiet,neutral,中性,"A human performer quietly looks down at their own arms while gently alternating the hands near the chest, performed with neutral emotion.","text, subtitles, watermark, logo, robot, mechanical body, camera cut, cropped body, hidden hands, blurry limbs, extra fingers, distorted anatomy, unreadable pose, chaotic background",idlequiet__neutral.bvh,bvh_without_t_pose,True
Behavior.IdleQuiet,sad,悲伤,"A human performer quietly looks down at their own arms while gently alternating the hands near the chest, performed with sad emotion.","text, subtitles, watermark, logo, robot, mechanical body, camera cut, cropped body, hidden hands, blurry limbs, extra fingers, distorted anatomy, unreadable pose, chaotic background",idlequiet__sad.bvh,bvh_without_t_pose,True
Behavior.IdleQuiet,happy,开心,"A human performer quietly looks down at their own arms while gently alternating the hands near the chest, performed with happy emotion.","text, subtitles, watermark, logo, robot, mechanical body, camera cut, cropped body, hidden hands, blurry limbs, extra fingers, distorted anatomy, unreadable pose, chaotic background",idlequiet__happy.bvh,bvh_without_t_pose,True
Behavior.IdleQuiet,angry,愤怒,"A human performer quietly looks down at their own arms while gently alternating the hands near the chest, performed with angry emotion.","text, subtitles, watermark, logo, robot, mechanical body, camera cut, cropped body, hidden hands, blurry limbs, extra fingers, distorted anatomy, unreadable pose, chaotic background",idlequiet__angry.bvh,bvh_without_t_pose,True
Behavior.IdleQuiet,surprise,惊讶,"A human performer quietly looks down at their own arms while gently alternating the hands near the chest, performed with surprise emotion.","text, subtitles, watermark, logo, robot, mechanical body, camera cut, cropped body, hidden hands, blurry limbs, extra fingers, distorted anatomy, unreadable pose, chaotic background",idlequiet__surprise.bvh,bvh_without_t_pose,True
Behavior.IdleQuiet,fear,恐惧,"A human performer quietly looks down at their own arms while gently alternating the hands near the chest, performed with fear emotion.","text, subtitles, watermark, logo, robot, mechanical body, camera cut, cropped body, hidden hands, blurry limbs, extra fingers, distorted anatomy, unreadable pose, chaotic background",idlequiet__fear.bvh,bvh_without_t_pose,True
Behavior.IdleAttentive,neutral,中性,"A human performer holds an attentive idle pose, glancing down at the body with small head turns and gentle hand movement, performed with neutral emotion.","text, subtitles, watermark, logo, robot, mechanical body, camera cut, cropped body, hidden hands, blurry limbs, extra fingers, distorted anatomy, unreadable pose, chaotic background",idleattentive__neutral.bvh,bvh_without_t_pose,True
Behavior.IdleAttentive,sad,悲伤,"A human performer holds an attentive idle pose, glancing down at the body with small head turns and gentle hand movement, performed with sad emotion.","text, subtitles, watermark, logo, robot, mechanical body, camera cut, cropped body, hidden hands, blurry limbs, extra fingers, distorted anatomy, unreadable pose, chaotic background",idleattentive__sad.bvh,bvh_without_t_pose,True
Behavior.IdleAttentive,happy,开心,"A human performer holds an attentive idle pose, glancing down at the body with small head turns and gentle hand movement, performed with happy emotion.","text, subtitles, watermark, logo, robot, mechanical body, camera cut, cropped body, hidden hands, blurry limbs, extra fingers, distorted anatomy, unreadable pose, chaotic background",idleattentive__happy.bvh,bvh_without_t_pose,True
Behavior.IdleAttentive,angry,愤怒,"A human performer holds an attentive idle pose, glancing down at the body with small head turns and gentle hand movement, performed with angry emotion.","text, subtitles, watermark, logo, robot, mechanical body, camera cut, cropped body, hidden hands, blurry limbs, extra fingers, distorted anatomy, unreadable pose, chaotic background",idleattentive__angry.bvh,bvh_without_t_pose,True
Behavior.IdleAttentive,surprise,惊讶,"A human performer holds an attentive idle pose, glancing down at the body with small head turns and gentle hand movement, performed with surprise emotion.","text, subtitles, watermark, logo, robot, mechanical body, camera cut, cropped body, hidden hands, blurry limbs, extra fingers, distorted anatomy, unreadable pose, chaotic background",idleattentive__surprise.bvh,bvh_without_t_pose,True
Behavior.IdleAttentive,fear,恐惧,"A human performer holds an attentive idle pose, glancing down at the body with small head turns and gentle hand movement, performed with fear emotion.","text, subtitles, watermark, logo, robot, mechanical body, camera cut, cropped body, hidden hands, blurry limbs, extra fingers, distorted anatomy, unreadable pose, chaotic background",idleattentive__fear.bvh,bvh_without_t_pose,True
Behavior.InteractPresence,neutral,中性,"A human performer maintains an engaged standing presence toward another person with brief gaze breaks and irregular gentle torso sway, performed with neutral emotion.","text, subtitles, watermark, logo, robot, mechanical body, camera cut, cropped body, hidden hands, blurry limbs, extra fingers, distorted anatomy, unreadable pose, chaotic background",interactpresence__neutral.bvh,bvh_without_t_pose,True
Behavior.InteractPresence,sad,悲伤,"A human performer maintains an engaged standing presence toward another person with brief gaze breaks and irregular gentle torso sway, performed with sad emotion.","text, subtitles, watermark, logo, robot, mechanical body, camera cut, cropped body, hidden hands, blurry limbs, extra fingers, distorted anatomy, unreadable pose, chaotic background",interactpresence__sad.bvh,bvh_without_t_pose,True
Behavior.InteractPresence,happy,开心,"A human performer maintains an engaged standing presence toward another person with brief gaze breaks and irregular gentle torso sway, performed with happy emotion.","text, subtitles, watermark, logo, robot, mechanical body, camera cut, cropped body, hidden hands, blurry limbs, extra fingers, distorted anatomy, unreadable pose, chaotic background",interactpresence__happy.bvh,bvh_without_t_pose,True
Behavior.InteractPresence,angry,愤怒,"A human performer maintains an engaged standing presence toward another person with brief gaze breaks and irregular gentle torso sway, performed with angry emotion.","text, subtitles, watermark, logo, robot, mechanical body, camera cut, cropped body, hidden hands, blurry limbs, extra fingers, distorted anatomy, unreadable pose, chaotic background",interactpresence__angry.bvh,bvh_without_t_pose,True
Behavior.InteractPresence,surprise,惊讶,"A human performer maintains an engaged standing presence toward another person with brief gaze breaks and irregular gentle torso sway, performed with surprise emotion.","text, subtitles, watermark, logo, robot, mechanical body, camera cut, cropped body, hidden hands, blurry limbs, extra fingers, distorted anatomy, unreadable pose, chaotic background",interactpresence__surprise.bvh,bvh_without_t_pose,True
Behavior.InteractPresence,fear,恐惧,"A human performer maintains an engaged standing presence toward another person with brief gaze breaks and irregular gentle torso sway, performed with fear emotion.","text, subtitles, watermark, logo, robot, mechanical body, camera cut, cropped body, hidden hands, blurry limbs, extra fingers, distorted anatomy, unreadable pose, chaotic background",interactpresence__fear.bvh,bvh_without_t_pose,True
Behavior.GreetingOwner01,neutral,中性,"A human performer greets a familiar person with a small nod, focused gaze, and a friendly chest-height wave, performed with neutral emotion.","text, subtitles, watermark, logo, robot, mechanical body, camera cut, cropped body, hidden hands, blurry limbs, extra fingers, distorted anatomy, unreadable pose, chaotic background",greetingowner01__neutral.bvh,bvh_without_t_pose,True
Behavior.GreetingOwner01,sad,悲伤,"A human performer greets a familiar person with a small nod, focused gaze, and a friendly chest-height wave, performed with sad emotion.","text, subtitles, watermark, logo, robot, mechanical body, camera cut, cropped body, hidden hands, blurry limbs, extra fingers, distorted anatomy, unreadable pose, chaotic background",greetingowner01__sad.bvh,bvh_without_t_pose,True
Behavior.GreetingOwner01,happy,开心,"A human performer greets a familiar person with a small nod, focused gaze, and a friendly chest-height wave, performed with happy emotion.","text, subtitles, watermark, logo, robot, mechanical body, camera cut, cropped body, hidden hands, blurry limbs, extra fingers, distorted anatomy, unreadable pose, chaotic background",greetingowner01__happy.bvh,bvh_without_t_pose,True
Behavior.GreetingOwner01,angry,愤怒,"A human performer greets a familiar person with a small nod, focused gaze, and a friendly chest-height wave, performed with angry emotion.","text, subtitles, watermark, logo, robot, mechanical body, camera cut, cropped body, hidden hands, blurry limbs, extra fingers, distorted anatomy, unreadable pose, chaotic background",greetingowner01__angry.bvh,bvh_without_t_pose,True
Behavior.GreetingOwner01,surprise,惊讶,"A human performer greets a familiar person with a small nod, focused gaze, and a friendly chest-height wave, performed with surprise emotion.","text, subtitles, watermark, logo, robot, mechanical body, camera cut, cropped body, hidden hands, blurry limbs, extra fingers, distorted anatomy, unreadable pose, chaotic background",greetingowner01__surprise.bvh,bvh_without_t_pose,True
Behavior.GreetingOwner01,fear,恐惧,"A human performer greets a familiar person with a small nod, focused gaze, and a friendly chest-height wave, performed with fear emotion.","text, subtitles, watermark, logo, robot, mechanical body, camera cut, cropped body, hidden hands, blurry limbs, extra fingers, distorted anatomy, unreadable pose, chaotic background",greetingowner01__fear.bvh,bvh_without_t_pose,True
Behavior.GreetingOwner02,neutral,中性,"A human performer does a playful peekaboo greeting toward a familiar person, performed with neutral emotion.","text, subtitles, watermark, logo, robot, mechanical body, camera cut, cropped body, hidden hands, blurry limbs, extra fingers, distorted anatomy, unreadable pose, chaotic background",greetingowner02__neutral.bvh,bvh_without_t_pose,True
Behavior.GreetingOwner02,sad,悲伤,"A human performer does a playful peekaboo greeting toward a familiar person, performed with sad emotion.","text, subtitles, watermark, logo, robot, mechanical body, camera cut, cropped body, hidden hands, blurry limbs, extra fingers, distorted anatomy, unreadable pose, chaotic background",greetingowner02__sad.bvh,bvh_without_t_pose,True
Behavior.GreetingOwner02,happy,开心,"A human performer does a playful peekaboo greeting toward a familiar person, performed with happy emotion.","text, subtitles, watermark, logo, robot, mechanical body, camera cut, cropped body, hidden hands, blurry limbs, extra fingers, distorted anatomy, unreadable pose, chaotic background",greetingowner02__happy.bvh,bvh_without_t_pose,True
Behavior.GreetingOwner02,angry,愤怒,"A human performer does a playful peekaboo greeting toward a familiar person, performed with angry emotion.","text, subtitles, watermark, logo, robot, mechanical body, camera cut, cropped body, hidden hands, blurry limbs, extra fingers, distorted anatomy, unreadable pose, chaotic background",greetingowner02__angry.bvh,bvh_without_t_pose,True
Behavior.GreetingOwner02,surprise,惊讶,"A human performer does a playful peekaboo greeting toward a familiar person, performed with surprise emotion.","text, subtitles, watermark, logo, robot, mechanical body, camera cut, cropped body, hidden hands, blurry limbs, extra fingers, distorted anatomy, unreadable pose, chaotic background",greetingowner02__surprise.bvh,bvh_without_t_pose,True
Behavior.GreetingOwner02,fear,恐惧,"A human performer does a playful peekaboo greeting toward a familiar person, performed with fear emotion.","text, subtitles, watermark, logo, robot, mechanical body, camera cut, cropped body, hidden hands, blurry limbs, extra fingers, distorted anatomy, unreadable pose, chaotic background",greetingowner02__fear.bvh,bvh_without_t_pose,True
Behavior.GreetingOwner03,neutral,中性,"A human performer playfully looks through imaginary binoculars toward a familiar person, performed with neutral emotion.","text, subtitles, watermark, logo, robot, mechanical body, camera cut, cropped body, hidden hands, blurry limbs, extra fingers, distorted anatomy, unreadable pose, chaotic background",greetingowner03__neutral.bvh,bvh_without_t_pose,True
Behavior.GreetingOwner03,sad,悲伤,"A human performer playfully looks through imaginary binoculars toward a familiar person, performed with sad emotion.","text, subtitles, watermark, logo, robot, mechanical body, camera cut, cropped body, hidden hands, blurry limbs, extra fingers, distorted anatomy, unreadable pose, chaotic background",greetingowner03__sad.bvh,bvh_without_t_pose,True
Behavior.GreetingOwner03,happy,开心,"A human performer playfully looks through imaginary binoculars toward a familiar person, performed with happy emotion.","text, subtitles, watermark, logo, robot, mechanical body, camera cut, cropped body, hidden hands, blurry limbs, extra fingers, distorted anatomy, unreadable pose, chaotic background",greetingowner03__happy.bvh,bvh_without_t_pose,True
Behavior.GreetingOwner03,angry,愤怒,"A human performer playfully looks through imaginary binoculars toward a familiar person, performed with angry emotion.","text, subtitles, watermark, logo, robot, mechanical body, camera cut, cropped body, hidden hands, blurry limbs, extra fingers, distorted anatomy, unreadable pose, chaotic background",greetingowner03__angry.bvh,bvh_without_t_pose,True
Behavior.GreetingOwner03,surprise,惊讶,"A human performer playfully looks through imaginary binoculars toward a familiar person, performed with surprise emotion.","text, subtitles, watermark, logo, robot, mechanical body, camera cut, cropped body, hidden hands, blurry limbs, extra fingers, distorted anatomy, unreadable pose, chaotic background",greetingowner03__surprise.bvh,bvh_without_t_pose,True
Behavior.GreetingOwner03,fear,恐惧,"A human performer playfully looks through imaginary binoculars toward a familiar person, performed with fear emotion.","text, subtitles, watermark, logo, robot, mechanical body, camera cut, cropped body, hidden hands, blurry limbs, extra fingers, distorted anatomy, unreadable pose, chaotic background",greetingowner03__fear.bvh,bvh_without_t_pose,True
Behavior.GreetingOwner04,neutral,中性,"A human performer greets a familiar person with a cute head tilt and gentle wave, performed with neutral emotion.","text, subtitles, watermark, logo, robot, mechanical body, camera cut, cropped body, hidden hands, blurry limbs, extra fingers, distorted anatomy, unreadable pose, chaotic background",greetingowner04__neutral.bvh,bvh_without_t_pose,True
Behavior.GreetingOwner04,sad,悲伤,"A human performer greets a familiar person with a cute head tilt and gentle wave, performed with sad emotion.","text, subtitles, watermark, logo, robot, mechanical body, camera cut, cropped body, hidden hands, blurry limbs, extra fingers, distorted anatomy, unreadable pose, chaotic background",greetingowner04__sad.bvh,bvh_without_t_pose,True
Behavior.GreetingOwner04,happy,开心,"A human performer greets a familiar person with a cute head tilt and gentle wave, performed with happy emotion.","text, subtitles, watermark, logo, robot, mechanical body, camera cut, cropped body, hidden hands, blurry limbs, extra fingers, distorted anatomy, unreadable pose, chaotic background",greetingowner04__happy.bvh,bvh_without_t_pose,True
Behavior.GreetingOwner04,angry,愤怒,"A human performer greets a familiar person with a cute head tilt and gentle wave, performed with angry emotion.","text, subtitles, watermark, logo, robot, mechanical body, camera cut, cropped body, hidden hands, blurry limbs, extra fingers, distorted anatomy, unreadable pose, chaotic background",greetingowner04__angry.bvh,bvh_without_t_pose,True
Behavior.GreetingOwner04,surprise,惊讶,"A human performer greets a familiar person with a cute head tilt and gentle wave, performed with surprise emotion.","text, subtitles, watermark, logo, robot, mechanical body, camera cut, cropped body, hidden hands, blurry limbs, extra fingers, distorted anatomy, unreadable pose, chaotic background",greetingowner04__surprise.bvh,bvh_without_t_pose,True
Behavior.GreetingOwner04,fear,恐惧,"A human performer greets a familiar person with a cute head tilt and gentle wave, performed with fear emotion.","text, subtitles, watermark, logo, robot, mechanical body, camera cut, cropped body, hidden hands, blurry limbs, extra fingers, distorted anatomy, unreadable pose, chaotic background",greetingowner04__fear.bvh,bvh_without_t_pose,True
Behavior.GreetingGuest,neutral,中性,"A human performer acknowledges a guest with eye contact and one polite nod while holding a composed posture, performed with neutral emotion.","text, subtitles, watermark, logo, robot, mechanical body, camera cut, cropped body, hidden hands, blurry limbs, extra fingers, distorted anatomy, unreadable pose, chaotic background",greetingguest__neutral.bvh,bvh_without_t_pose,True
Behavior.GreetingGuest,sad,悲伤,"A human performer acknowledges a guest with eye contact and one polite nod while holding a composed posture, performed with sad emotion.","text, subtitles, watermark, logo, robot, mechanical body, camera cut, cropped body, hidden hands, blurry limbs, extra fingers, distorted anatomy, unreadable pose, chaotic background",greetingguest__sad.bvh,bvh_without_t_pose,True
Behavior.GreetingGuest,happy,开心,"A human performer acknowledges a guest with eye contact and one polite nod while holding a composed posture, performed with happy emotion.","text, subtitles, watermark, logo, robot, mechanical body, camera cut, cropped body, hidden hands, blurry limbs, extra fingers, distorted anatomy, unreadable pose, chaotic background",greetingguest__happy.bvh,bvh_without_t_pose,True
Behavior.GreetingGuest,angry,愤怒,"A human performer acknowledges a guest with eye contact and one polite nod while holding a composed posture, performed with angry emotion.","text, subtitles, watermark, logo, robot, mechanical body, camera cut, cropped body, hidden hands, blurry limbs, extra fingers, distorted anatomy, unreadable pose, chaotic background",greetingguest__angry.bvh,bvh_without_t_pose,True
Behavior.GreetingGuest,surprise,惊讶,"A human performer acknowledges a guest with eye contact and one polite nod while holding a composed posture, performed with surprise emotion.","text, subtitles, watermark, logo, robot, mechanical body, camera cut, cropped body, hidden hands, blurry limbs, extra fingers, distorted anatomy, unreadable pose, chaotic background",greetingguest__surprise.bvh,bvh_without_t_pose,True
Behavior.GreetingGuest,fear,恐惧,"A human performer acknowledges a guest with eye contact and one polite nod while holding a composed posture, performed with fear emotion.","text, subtitles, watermark, logo, robot, mechanical body, camera cut, cropped body, hidden hands, blurry limbs, extra fingers, distorted anatomy, unreadable pose, chaotic background",greetingguest__fear.bvh,bvh_without_t_pose,True
Behavior.Farewell,neutral,中性,"A human performer says goodbye with a small nod, brief look-away and look-back, gentle wave, slight forward lean, then a smooth retreat, performed with neutral emotion.","text, subtitles, watermark, logo, robot, mechanical body, camera cut, cropped body, hidden hands, blurry limbs, extra fingers, distorted anatomy, unreadable pose, chaotic background",farewell__neutral.bvh,bvh_without_t_pose,True
Behavior.Farewell,sad,悲伤,"A human performer says goodbye with a small nod, brief look-away and look-back, gentle wave, slight forward lean, then a smooth retreat, performed with sad emotion.","text, subtitles, watermark, logo, robot, mechanical body, camera cut, cropped body, hidden hands, blurry limbs, extra fingers, distorted anatomy, unreadable pose, chaotic background",farewell__sad.bvh,bvh_without_t_pose,True
Behavior.Farewell,happy,开心,"A human performer says goodbye with a small nod, brief look-away and look-back, gentle wave, slight forward lean, then a smooth retreat, performed with happy emotion.","text, subtitles, watermark, logo, robot, mechanical body, camera cut, cropped body, hidden hands, blurry limbs, extra fingers, distorted anatomy, unreadable pose, chaotic background",farewell__happy.bvh,bvh_without_t_pose,True
Behavior.Farewell,angry,愤怒,"A human performer says goodbye with a small nod, brief look-away and look-back, gentle wave, slight forward lean, then a smooth retreat, performed with angry emotion.","text, subtitles, watermark, logo, robot, mechanical body, camera cut, cropped body, hidden hands, blurry limbs, extra fingers, distorted anatomy, unreadable pose, chaotic background",farewell__angry.bvh,bvh_without_t_pose,True
Behavior.Farewell,surprise,惊讶,"A human performer says goodbye with a small nod, brief look-away and look-back, gentle wave, slight forward lean, then a smooth retreat, performed with surprise emotion.","text, subtitles, watermark, logo, robot, mechanical body, camera cut, cropped body, hidden hands, blurry limbs, extra fingers, distorted anatomy, unreadable pose, chaotic background",farewell__surprise.bvh,bvh_without_t_pose,True
Behavior.Farewell,fear,恐惧,"A human performer says goodbye with a small nod, brief look-away and look-back, gentle wave, slight forward lean, then a smooth retreat, performed with fear emotion.","text, subtitles, watermark, logo, robot, mechanical body, camera cut, cropped body, hidden hands, blurry limbs, extra fingers, distorted anatomy, unreadable pose, chaotic background",farewell__fear.bvh,bvh_without_t_pose,True
Behavior.Joy,neutral,中性,"A human performer celebrates with two quick nods, bright focus, a small hand swing, and a tiny forward bounce, performed with neutral emotion.","text, subtitles, watermark, logo, robot, mechanical body, camera cut, cropped body, hidden hands, blurry limbs, extra fingers, distorted anatomy, unreadable pose, chaotic background",joy__neutral.bvh,bvh_without_t_pose,True
Behavior.Joy,sad,悲伤,"A human performer celebrates with two quick nods, bright focus, a small hand swing, and a tiny forward bounce, performed with sad emotion.","text, subtitles, watermark, logo, robot, mechanical body, camera cut, cropped body, hidden hands, blurry limbs, extra fingers, distorted anatomy, unreadable pose, chaotic background",joy__sad.bvh,bvh_without_t_pose,True
Behavior.Joy,happy,开心,"A human performer celebrates with two quick nods, bright focus, a small hand swing, and a tiny forward bounce, performed with happy emotion.","text, subtitles, watermark, logo, robot, mechanical body, camera cut, cropped body, hidden hands, blurry limbs, extra fingers, distorted anatomy, unreadable pose, chaotic background",joy__happy.bvh,bvh_without_t_pose,True
Behavior.Joy,angry,愤怒,"A human performer celebrates with two quick nods, bright focus, a small hand swing, and a tiny forward bounce, performed with angry emotion.","text, subtitles, watermark, logo, robot, mechanical body, camera cut, cropped body, hidden hands, blurry limbs, extra fingers, distorted anatomy, unreadable pose, chaotic background",joy__angry.bvh,bvh_without_t_pose,True
Behavior.Joy,surprise,惊讶,"A human performer celebrates with two quick nods, bright focus, a small hand swing, and a tiny forward bounce, performed with surprise emotion.","text, subtitles, watermark, logo, robot, mechanical body, camera cut, cropped body, hidden hands, blurry limbs, extra fingers, distorted anatomy, unreadable pose, chaotic background",joy__surprise.bvh,bvh_without_t_pose,True
Behavior.Joy,fear,恐惧,"A human performer celebrates with two quick nods, bright focus, a small hand swing, and a tiny forward bounce, performed with fear emotion.","text, subtitles, watermark, logo, robot, mechanical body, camera cut, cropped body, hidden hands, blurry limbs, extra fingers, distorted anatomy, unreadable pose, chaotic background",joy__fear.bvh,bvh_without_t_pose,True
Behavior.Aversion,neutral,中性,"A human performer turns slightly away after being scolded, avoids eye contact, tightens the body, and slowly returns toward neutral, performed with neutral emotion.","text, subtitles, watermark, logo, robot, mechanical body, camera cut, cropped body, hidden hands, blurry limbs, extra fingers, distorted anatomy, unreadable pose, chaotic background",aversion__neutral.bvh,bvh_without_t_pose,True
Behavior.Aversion,sad,悲伤,"A human performer turns slightly away after being scolded, avoids eye contact, tightens the body, and slowly returns toward neutral, performed with sad emotion.","text, subtitles, watermark, logo, robot, mechanical body, camera cut, cropped body, hidden hands, blurry limbs, extra fingers, distorted anatomy, unreadable pose, chaotic background",aversion__sad.bvh,bvh_without_t_pose,True
Behavior.Aversion,happy,开心,"A human performer turns slightly away after being scolded, avoids eye contact, tightens the body, and slowly returns toward neutral, performed with happy emotion.","text, subtitles, watermark, logo, robot, mechanical body, camera cut, cropped body, hidden hands, blurry limbs, extra fingers, distorted anatomy, unreadable pose, chaotic background",aversion__happy.bvh,bvh_without_t_pose,True
Behavior.Aversion,angry,愤怒,"A human performer turns slightly away after being scolded, avoids eye contact, tightens the body, and slowly returns toward neutral, performed with angry emotion.","text, subtitles, watermark, logo, robot, mechanical body, camera cut, cropped body, hidden hands, blurry limbs, extra fingers, distorted anatomy, unreadable pose, chaotic background",aversion__angry.bvh,bvh_without_t_pose,True
Behavior.Aversion,surprise,惊讶,"A human performer turns slightly away after being scolded, avoids eye contact, tightens the body, and slowly returns toward neutral, performed with surprise emotion.","text, subtitles, watermark, logo, robot, mechanical body, camera cut, cropped body, hidden hands, blurry limbs, extra fingers, distorted anatomy, unreadable pose, chaotic background",aversion__surprise.bvh,bvh_without_t_pose,True
Behavior.Aversion,fear,恐惧,"A human performer turns slightly away after being scolded, avoids eye contact, tightens the body, and slowly returns toward neutral, performed with fear emotion.","text, subtitles, watermark, logo, robot, mechanical body, camera cut, cropped body, hidden hands, blurry limbs, extra fingers, distorted anatomy, unreadable pose, chaotic background",aversion__fear.bvh,bvh_without_t_pose,True
Behavior.CuriousLook,neutral,中性,"A human performer leans forward slightly and tilts its head toward a novel stimulus with focused attention, performed with neutral emotion.","text, subtitles, watermark, logo, robot, mechanical body, camera cut, cropped body, hidden hands, blurry limbs, extra fingers, distorted anatomy, unreadable pose, chaotic background",curiouslook__neutral.bvh,bvh_without_t_pose,True
Behavior.CuriousLook,sad,悲伤,"A human performer leans forward slightly and tilts its head toward a novel stimulus with focused attention, performed with sad emotion.","text, subtitles, watermark, logo, robot, mechanical body, camera cut, cropped body, hidden hands, blurry limbs, extra fingers, distorted anatomy, unreadable pose, chaotic background",curiouslook__sad.bvh,bvh_without_t_pose,True
Behavior.CuriousLook,happy,开心,"A human performer leans forward slightly and tilts its head toward a novel stimulus with focused attention, performed with happy emotion.","text, subtitles, watermark, logo, robot, mechanical body, camera cut, cropped body, hidden hands, blurry limbs, extra fingers, distorted anatomy, unreadable pose, chaotic background",curiouslook__happy.bvh,bvh_without_t_pose,True
Behavior.CuriousLook,angry,愤怒,"A human performer leans forward slightly and tilts its head toward a novel stimulus with focused attention, performed with angry emotion.","text, subtitles, watermark, logo, robot, mechanical body, camera cut, cropped body, hidden hands, blurry limbs, extra fingers, distorted anatomy, unreadable pose, chaotic background",curiouslook__angry.bvh,bvh_without_t_pose,True
Behavior.CuriousLook,surprise,惊讶,"A human performer leans forward slightly and tilts its head toward a novel stimulus with focused attention, performed with surprise emotion.","text, subtitles, watermark, logo, robot, mechanical body, camera cut, cropped body, hidden hands, blurry limbs, extra fingers, distorted anatomy, unreadable pose, chaotic background",curiouslook__surprise.bvh,bvh_without_t_pose,True
Behavior.CuriousLook,fear,恐惧,"A human performer leans forward slightly and tilts its head toward a novel stimulus with focused attention, performed with fear emotion.","text, subtitles, watermark, logo, robot, mechanical body, camera cut, cropped body, hidden hands, blurry limbs, extra fingers, distorted anatomy, unreadable pose, chaotic background",curiouslook__fear.bvh,bvh_without_t_pose,True
Behavior.Comfort,neutral,中性,"A human performer offers comfort by leaning forward gently, tilting and nodding the head, and holding soft hands near the chest, performed with neutral emotion.","text, subtitles, watermark, logo, robot, mechanical body, camera cut, cropped body, hidden hands, blurry limbs, extra fingers, distorted anatomy, unreadable pose, chaotic background",comfort__neutral.bvh,bvh_without_t_pose,True
Behavior.Comfort,sad,悲伤,"A human performer offers comfort by leaning forward gently, tilting and nodding the head, and holding soft hands near the chest, performed with sad emotion.","text, subtitles, watermark, logo, robot, mechanical body, camera cut, cropped body, hidden hands, blurry limbs, extra fingers, distorted anatomy, unreadable pose, chaotic background",comfort__sad.bvh,bvh_without_t_pose,True
Behavior.Comfort,happy,开心,"A human performer offers comfort by leaning forward gently, tilting and nodding the head, and holding soft hands near the chest, performed with happy emotion.","text, subtitles, watermark, logo, robot, mechanical body, camera cut, cropped body, hidden hands, blurry limbs, extra fingers, distorted anatomy, unreadable pose, chaotic background",comfort__happy.bvh,bvh_without_t_pose,True
Behavior.Comfort,angry,愤怒,"A human performer offers comfort by leaning forward gently, tilting and nodding the head, and holding soft hands near the chest, performed with angry emotion.","text, subtitles, watermark, logo, robot, mechanical body, camera cut, cropped body, hidden hands, blurry limbs, extra fingers, distorted anatomy, unreadable pose, chaotic background",comfort__angry.bvh,bvh_without_t_pose,True
Behavior.Comfort,surprise,惊讶,"A human performer offers comfort by leaning forward gently, tilting and nodding the head, and holding soft hands near the chest, performed with surprise emotion.","text, subtitles, watermark, logo, robot, mechanical body, camera cut, cropped body, hidden hands, blurry limbs, extra fingers, distorted anatomy, unreadable pose, chaotic background",comfort__surprise.bvh,bvh_without_t_pose,True
Behavior.Comfort,fear,恐惧,"A human performer offers comfort by leaning forward gently, tilting and nodding the head, and holding soft hands near the chest, performed with fear emotion.","text, subtitles, watermark, logo, robot, mechanical body, camera cut, cropped body, hidden hands, blurry limbs, extra fingers, distorted anatomy, unreadable pose, chaotic background",comfort__fear.bvh,bvh_without_t_pose,True
Behavior.Alert,neutral,中性,"A human performer snaps into an alert warning pose, locks onto the risk, leans back, and extends one arm in a clear stop gesture, performed with neutral emotion.","text, subtitles, watermark, logo, robot, mechanical body, camera cut, cropped body, hidden hands, blurry limbs, extra fingers, distorted anatomy, unreadable pose, chaotic background",alert__neutral.bvh,bvh_without_t_pose,True
Behavior.Alert,sad,悲伤,"A human performer snaps into an alert warning pose, locks onto the risk, leans back, and extends one arm in a clear stop gesture, performed with sad emotion.","text, subtitles, watermark, logo, robot, mechanical body, camera cut, cropped body, hidden hands, blurry limbs, extra fingers, distorted anatomy, unreadable pose, chaotic background",alert__sad.bvh,bvh_without_t_pose,True
Behavior.Alert,happy,开心,"A human performer snaps into an alert warning pose, locks onto the risk, leans back, and extends one arm in a clear stop gesture, performed with happy emotion.","text, subtitles, watermark, logo, robot, mechanical body, camera cut, cropped body, hidden hands, blurry limbs, extra fingers, distorted anatomy, unreadable pose, chaotic background",alert__happy.bvh,bvh_without_t_pose,True
Behavior.Alert,angry,愤怒,"A human performer snaps into an alert warning pose, locks onto the risk, leans back, and extends one arm in a clear stop gesture, performed with angry emotion.","text, subtitles, watermark, logo, robot, mechanical body, camera cut, cropped body, hidden hands, blurry limbs, extra fingers, distorted anatomy, unreadable pose, chaotic background",alert__angry.bvh,bvh_without_t_pose,True
Behavior.Alert,surprise,惊讶,"A human performer snaps into an alert warning pose, locks onto the risk, leans back, and extends one arm in a clear stop gesture, performed with surprise emotion.","text, subtitles, watermark, logo, robot, mechanical body, camera cut, cropped body, hidden hands, blurry limbs, extra fingers, distorted anatomy, unreadable pose, chaotic background",alert__surprise.bvh,bvh_without_t_pose,True
Behavior.Alert,fear,恐惧,"A human performer snaps into an alert warning pose, locks onto the risk, leans back, and extends one arm in a clear stop gesture, performed with fear emotion.","text, subtitles, watermark, logo, robot, mechanical body, camera cut, cropped body, hidden hands, blurry limbs, extra fingers, distorted anatomy, unreadable pose, chaotic background",alert__fear.bvh,bvh_without_t_pose,True
Behavior.SeekAttention,neutral,中性,"A human performer gently asks for attention with a tilted head, focused gaze, and slight forward lean, performed with neutral emotion.","text, subtitles, watermark, logo, robot, mechanical body, camera cut, cropped body, hidden hands, blurry limbs, extra fingers, distorted anatomy, unreadable pose, chaotic background",seekattention__neutral.bvh,bvh_without_t_pose,True
Behavior.SeekAttention,sad,悲伤,"A human performer gently asks for attention with a tilted head, focused gaze, and slight forward lean, performed with sad emotion.","text, subtitles, watermark, logo, robot, mechanical body, camera cut, cropped body, hidden hands, blurry limbs, extra fingers, distorted anatomy, unreadable pose, chaotic background",seekattention__sad.bvh,bvh_without_t_pose,True
Behavior.SeekAttention,happy,开心,"A human performer gently asks for attention with a tilted head, focused gaze, and slight forward lean, performed with happy emotion.","text, subtitles, watermark, logo, robot, mechanical body, camera cut, cropped body, hidden hands, blurry limbs, extra fingers, distorted anatomy, unreadable pose, chaotic background",seekattention__happy.bvh,bvh_without_t_pose,True
Behavior.SeekAttention,angry,愤怒,"A human performer gently asks for attention with a tilted head, focused gaze, and slight forward lean, performed with angry emotion.","text, subtitles, watermark, logo, robot, mechanical body, camera cut, cropped body, hidden hands, blurry limbs, extra fingers, distorted anatomy, unreadable pose, chaotic background",seekattention__angry.bvh,bvh_without_t_pose,True
Behavior.SeekAttention,surprise,惊讶,"A human performer gently asks for attention with a tilted head, focused gaze, and slight forward lean, performed with surprise emotion.","text, subtitles, watermark, logo, robot, mechanical body, camera cut, cropped body, hidden hands, blurry limbs, extra fingers, distorted anatomy, unreadable pose, chaotic background",seekattention__surprise.bvh,bvh_without_t_pose,True
Behavior.SeekAttention,fear,恐惧,"A human performer gently asks for attention with a tilted head, focused gaze, and slight forward lean, performed with fear emotion.","text, subtitles, watermark, logo, robot, mechanical body, camera cut, cropped body, hidden hands, blurry limbs, extra fingers, distorted anatomy, unreadable pose, chaotic background",seekattention__fear.bvh,bvh_without_t_pose,True
Behavior.ActiveListening,neutral,中性,"A human performer listens actively with small synchronized nods, alternating gaze between face and mouth, and still hands, performed with neutral emotion.","text, subtitles, watermark, logo, robot, mechanical body, camera cut, cropped body, hidden hands, blurry limbs, extra fingers, distorted anatomy, unreadable pose, chaotic background",activelistening__neutral.bvh,bvh_without_t_pose,True
Behavior.ActiveListening,sad,悲伤,"A human performer listens actively with small synchronized nods, alternating gaze between face and mouth, and still hands, performed with sad emotion.","text, subtitles, watermark, logo, robot, mechanical body, camera cut, cropped body, hidden hands, blurry limbs, extra fingers, distorted anatomy, unreadable pose, chaotic background",activelistening__sad.bvh,bvh_without_t_pose,True
Behavior.ActiveListening,happy,开心,"A human performer listens actively with small synchronized nods, alternating gaze between face and mouth, and still hands, performed with happy emotion.","text, subtitles, watermark, logo, robot, mechanical body, camera cut, cropped body, hidden hands, blurry limbs, extra fingers, distorted anatomy, unreadable pose, chaotic background",activelistening__happy.bvh,bvh_without_t_pose,True
Behavior.ActiveListening,angry,愤怒,"A human performer listens actively with small synchronized nods, alternating gaze between face and mouth, and still hands, performed with angry emotion.","text, subtitles, watermark, logo, robot, mechanical body, camera cut, cropped body, hidden hands, blurry limbs, extra fingers, distorted anatomy, unreadable pose, chaotic background",activelistening__angry.bvh,bvh_without_t_pose,True
Behavior.ActiveListening,surprise,惊讶,"A human performer listens actively with small synchronized nods, alternating gaze between face and mouth, and still hands, performed with surprise emotion.","text, subtitles, watermark, logo, robot, mechanical body, camera cut, cropped body, hidden hands, blurry limbs, extra fingers, distorted anatomy, unreadable pose, chaotic background",activelistening__surprise.bvh,bvh_without_t_pose,True
Behavior.ActiveListening,fear,恐惧,"A human performer listens actively with small synchronized nods, alternating gaze between face and mouth, and still hands, performed with fear emotion.","text, subtitles, watermark, logo, robot, mechanical body, camera cut, cropped body, hidden hands, blurry limbs, extra fingers, distorted anatomy, unreadable pose, chaotic background",activelistening__fear.bvh,bvh_without_t_pose,True
Behavior.Disappointment,neutral,中性,"A human performer shows brief disappointment by lowering its head and gaze, softening the body, and sinking slightly, performed with neutral emotion.","text, subtitles, watermark, logo, robot, mechanical body, camera cut, cropped body, hidden hands, blurry limbs, extra fingers, distorted anatomy, unreadable pose, chaotic background",disappointment__neutral.bvh,bvh_without_t_pose,True
Behavior.Disappointment,sad,悲伤,"A human performer shows brief disappointment by lowering its head and gaze, softening the body, and sinking slightly, performed with sad emotion.","text, subtitles, watermark, logo, robot, mechanical body, camera cut, cropped body, hidden hands, blurry limbs, extra fingers, distorted anatomy, unreadable pose, chaotic background",disappointment__sad.bvh,bvh_without_t_pose,True
Behavior.Disappointment,happy,开心,"A human performer shows brief disappointment by lowering its head and gaze, softening the body, and sinking slightly, performed with happy emotion.","text, subtitles, watermark, logo, robot, mechanical body, camera cut, cropped body, hidden hands, blurry limbs, extra fingers, distorted anatomy, unreadable pose, chaotic background",disappointment__happy.bvh,bvh_without_t_pose,True
Behavior.Disappointment,angry,愤怒,"A human performer shows brief disappointment by lowering its head and gaze, softening the body, and sinking slightly, performed with angry emotion.","text, subtitles, watermark, logo, robot, mechanical body, camera cut, cropped body, hidden hands, blurry limbs, extra fingers, distorted anatomy, unreadable pose, chaotic background",disappointment__angry.bvh,bvh_without_t_pose,True
Behavior.Disappointment,surprise,惊讶,"A human performer shows brief disappointment by lowering its head and gaze, softening the body, and sinking slightly, performed with surprise emotion.","text, subtitles, watermark, logo, robot, mechanical body, camera cut, cropped body, hidden hands, blurry limbs, extra fingers, distorted anatomy, unreadable pose, chaotic background",disappointment__surprise.bvh,bvh_without_t_pose,True
Behavior.Disappointment,fear,恐惧,"A human performer shows brief disappointment by lowering its head and gaze, softening the body, and sinking slightly, performed with fear emotion.","text, subtitles, watermark, logo, robot, mechanical body, camera cut, cropped body, hidden hands, blurry limbs, extra fingers, distorted anatomy, unreadable pose, chaotic background",disappointment__fear.bvh,bvh_without_t_pose,True
Behavior.Withdrawal,neutral,中性,"A human performer keeps a sustained withdrawn posture by turning away, avoiding gaze, holding the body tight, and staying still, performed with neutral emotion.","text, subtitles, watermark, logo, robot, mechanical body, camera cut, cropped body, hidden hands, blurry limbs, extra fingers, distorted anatomy, unreadable pose, chaotic background",withdrawal__neutral.bvh,bvh_without_t_pose,True
Behavior.Withdrawal,sad,悲伤,"A human performer keeps a sustained withdrawn posture by turning away, avoiding gaze, holding the body tight, and staying still, performed with sad emotion.","text, subtitles, watermark, logo, robot, mechanical body, camera cut, cropped body, hidden hands, blurry limbs, extra fingers, distorted anatomy, unreadable pose, chaotic background",withdrawal__sad.bvh,bvh_without_t_pose,True
Behavior.Withdrawal,happy,开心,"A human performer keeps a sustained withdrawn posture by turning away, avoiding gaze, holding the body tight, and staying still, performed with happy emotion.","text, subtitles, watermark, logo, robot, mechanical body, camera cut, cropped body, hidden hands, blurry limbs, extra fingers, distorted anatomy, unreadable pose, chaotic background",withdrawal__happy.bvh,bvh_without_t_pose,True
Behavior.Withdrawal,angry,愤怒,"A human performer keeps a sustained withdrawn posture by turning away, avoiding gaze, holding the body tight, and staying still, performed with angry emotion.","text, subtitles, watermark, logo, robot, mechanical body, camera cut, cropped body, hidden hands, blurry limbs, extra fingers, distorted anatomy, unreadable pose, chaotic background",withdrawal__angry.bvh,bvh_without_t_pose,True
Behavior.Withdrawal,surprise,惊讶,"A human performer keeps a sustained withdrawn posture by turning away, avoiding gaze, holding the body tight, and staying still, performed with surprise emotion.","text, subtitles, watermark, logo, robot, mechanical body, camera cut, cropped body, hidden hands, blurry limbs, extra fingers, distorted anatomy, unreadable pose, chaotic background",withdrawal__surprise.bvh,bvh_without_t_pose,True
Behavior.Withdrawal,fear,恐惧,"A human performer keeps a sustained withdrawn posture by turning away, avoiding gaze, holding the body tight, and staying still, performed with fear emotion.","text, subtitles, watermark, logo, robot, mechanical body, camera cut, cropped body, hidden hands, blurry limbs, extra fingers, distorted anatomy, unreadable pose, chaotic background",withdrawal__fear.bvh,bvh_without_t_pose,True
Behavior.Hesitate,neutral,中性,"A human performer hesitates with a tiny side-to-side head motion, brief sideways gaze, and uncertain hand stillness, performed with neutral emotion.","text, subtitles, watermark, logo, robot, mechanical body, camera cut, cropped body, hidden hands, blurry limbs, extra fingers, distorted anatomy, unreadable pose, chaotic background",hesitate__neutral.bvh,bvh_without_t_pose,True
Behavior.Hesitate,sad,悲伤,"A human performer hesitates with a tiny side-to-side head motion, brief sideways gaze, and uncertain hand stillness, performed with sad emotion.","text, subtitles, watermark, logo, robot, mechanical body, camera cut, cropped body, hidden hands, blurry limbs, extra fingers, distorted anatomy, unreadable pose, chaotic background",hesitate__sad.bvh,bvh_without_t_pose,True
Behavior.Hesitate,happy,开心,"A human performer hesitates with a tiny side-to-side head motion, brief sideways gaze, and uncertain hand stillness, performed with happy emotion.","text, subtitles, watermark, logo, robot, mechanical body, camera cut, cropped body, hidden hands, blurry limbs, extra fingers, distorted anatomy, unreadable pose, chaotic background",hesitate__happy.bvh,bvh_without_t_pose,True
Behavior.Hesitate,angry,愤怒,"A human performer hesitates with a tiny side-to-side head motion, brief sideways gaze, and uncertain hand stillness, performed with angry emotion.","text, subtitles, watermark, logo, robot, mechanical body, camera cut, cropped body, hidden hands, blurry limbs, extra fingers, distorted anatomy, unreadable pose, chaotic background",hesitate__angry.bvh,bvh_without_t_pose,True
Behavior.Hesitate,surprise,惊讶,"A human performer hesitates with a tiny side-to-side head motion, brief sideways gaze, and uncertain hand stillness, performed with surprise emotion.","text, subtitles, watermark, logo, robot, mechanical body, camera cut, cropped body, hidden hands, blurry limbs, extra fingers, distorted anatomy, unreadable pose, chaotic background",hesitate__surprise.bvh,bvh_without_t_pose,True
Behavior.Hesitate,fear,恐惧,"A human performer hesitates with a tiny side-to-side head motion, brief sideways gaze, and uncertain hand stillness, performed with fear emotion.","text, subtitles, watermark, logo, robot, mechanical body, camera cut, cropped body, hidden hands, blurry limbs, extra fingers, distorted anatomy, unreadable pose, chaotic background",hesitate__fear.bvh,bvh_without_t_pose,True
Behavior.Search,neutral,中性,"A human performer searches for a lost target by scanning left and right with the head, quick gaze shifts, and slight torso turns, performed with neutral emotion.","text, subtitles, watermark, logo, robot, mechanical body, camera cut, cropped body, hidden hands, blurry limbs, extra fingers, distorted anatomy, unreadable pose, chaotic background",search__neutral.bvh,bvh_without_t_pose,True
Behavior.Search,sad,悲伤,"A human performer searches for a lost target by scanning left and right with the head, quick gaze shifts, and slight torso turns, performed with sad emotion.","text, subtitles, watermark, logo, robot, mechanical body, camera cut, cropped body, hidden hands, blurry limbs, extra fingers, distorted anatomy, unreadable pose, chaotic background",search__sad.bvh,bvh_without_t_pose,True
Behavior.Search,happy,开心,"A human performer searches for a lost target by scanning left and right with the head, quick gaze shifts, and slight torso turns, performed with happy emotion.","text, subtitles, watermark, logo, robot, mechanical body, camera cut, cropped body, hidden hands, blurry limbs, extra fingers, distorted anatomy, unreadable pose, chaotic background",search__happy.bvh,bvh_without_t_pose,True
Behavior.Search,angry,愤怒,"A human performer searches for a lost target by scanning left and right with the head, quick gaze shifts, and slight torso turns, performed with angry emotion.","text, subtitles, watermark, logo, robot, mechanical body, camera cut, cropped body, hidden hands, blurry limbs, extra fingers, distorted anatomy, unreadable pose, chaotic background",search__angry.bvh,bvh_without_t_pose,True
Behavior.Search,surprise,惊讶,"A human performer searches for a lost target by scanning left and right with the head, quick gaze shifts, and slight torso turns, performed with surprise emotion.","text, subtitles, watermark, logo, robot, mechanical body, camera cut, cropped body, hidden hands, blurry limbs, extra fingers, distorted anatomy, unreadable pose, chaotic background",search__surprise.bvh,bvh_without_t_pose,True
Behavior.Search,fear,恐惧,"A human performer searches for a lost target by scanning left and right with the head, quick gaze shifts, and slight torso turns, performed with fear emotion.","text, subtitles, watermark, logo, robot, mechanical body, camera cut, cropped body, hidden hands, blurry limbs, extra fingers, distorted anatomy, unreadable pose, chaotic background",search__fear.bvh,bvh_without_t_pose,True
Behavior.Error,neutral,中性,"A human performer shows confusion or need for help by lowering the gaze, tilting the body, and pausing still, performed with neutral emotion.","text, subtitles, watermark, logo, robot, mechanical body, camera cut, cropped body, hidden hands, blurry limbs, extra fingers, distorted anatomy, unreadable pose, chaotic background",error__neutral.bvh,bvh_without_t_pose,True
Behavior.Error,sad,悲伤,"A human performer shows confusion or need for help by lowering the gaze, tilting the body, and pausing still, performed with sad emotion.","text, subtitles, watermark, logo, robot, mechanical body, camera cut, cropped body, hidden hands, blurry limbs, extra fingers, distorted anatomy, unreadable pose, chaotic background",error__sad.bvh,bvh_without_t_pose,True
Behavior.Error,happy,开心,"A human performer shows confusion or need for help by lowering the gaze, tilting the body, and pausing still, performed with happy emotion.","text, subtitles, watermark, logo, robot, mechanical body, camera cut, cropped body, hidden hands, blurry limbs, extra fingers, distorted anatomy, unreadable pose, chaotic background",error__happy.bvh,bvh_without_t_pose,True
Behavior.Error,angry,愤怒,"A human performer shows confusion or need for help by lowering the gaze, tilting the body, and pausing still, performed with angry emotion.","text, subtitles, watermark, logo, robot, mechanical body, camera cut, cropped body, hidden hands, blurry limbs, extra fingers, distorted anatomy, unreadable pose, chaotic background",error__angry.bvh,bvh_without_t_pose,True
Behavior.Error,surprise,惊讶,"A human performer shows confusion or need for help by lowering the gaze, tilting the body, and pausing still, performed with surprise emotion.","text, subtitles, watermark, logo, robot, mechanical body, camera cut, cropped body, hidden hands, blurry limbs, extra fingers, distorted anatomy, unreadable pose, chaotic background",error__surprise.bvh,bvh_without_t_pose,True
Behavior.Error,fear,恐惧,"A human performer shows confusion or need for help by lowering the gaze, tilting the body, and pausing still, performed with fear emotion.","text, subtitles, watermark, logo, robot, mechanical body, camera cut, cropped body, hidden hands, blurry limbs, extra fingers, distorted anatomy, unreadable pose, chaotic background",error__fear.bvh,bvh_without_t_pose,True
Behavior.Dance.Base,neutral,中性,"A human performer moves in a smooth beat-following dance loop with small head nods and gentle side-to-side torso sway, performed with neutral emotion.","text, subtitles, watermark, logo, robot, mechanical body, camera cut, cropped body, hidden hands, blurry limbs, extra fingers, distorted anatomy, unreadable pose, chaotic background",dance_base__neutral.bvh,bvh_without_t_pose,True
Behavior.Dance.Base,sad,悲伤,"A human performer moves in a smooth beat-following dance loop with small head nods and gentle side-to-side torso sway, performed with sad emotion.","text, subtitles, watermark, logo, robot, mechanical body, camera cut, cropped body, hidden hands, blurry limbs, extra fingers, distorted anatomy, unreadable pose, chaotic background",dance_base__sad.bvh,bvh_without_t_pose,True
Behavior.Dance.Base,happy,开心,"A human performer moves in a smooth beat-following dance loop with small head nods and gentle side-to-side torso sway, performed with happy emotion.","text, subtitles, watermark, logo, robot, mechanical body, camera cut, cropped body, hidden hands, blurry limbs, extra fingers, distorted anatomy, unreadable pose, chaotic background",dance_base__happy.bvh,bvh_without_t_pose,True
Behavior.Dance.Base,angry,愤怒,"A human performer moves in a smooth beat-following dance loop with small head nods and gentle side-to-side torso sway, performed with angry emotion.","text, subtitles, watermark, logo, robot, mechanical body, camera cut, cropped body, hidden hands, blurry limbs, extra fingers, distorted anatomy, unreadable pose, chaotic background",dance_base__angry.bvh,bvh_without_t_pose,True
Behavior.Dance.Base,surprise,惊讶,"A human performer moves in a smooth beat-following dance loop with small head nods and gentle side-to-side torso sway, performed with surprise emotion.","text, subtitles, watermark, logo, robot, mechanical body, camera cut, cropped body, hidden hands, blurry limbs, extra fingers, distorted anatomy, unreadable pose, chaotic background",dance_base__surprise.bvh,bvh_without_t_pose,True
Behavior.Dance.Base,fear,恐惧,"A human performer moves in a smooth beat-following dance loop with small head nods and gentle side-to-side torso sway, performed with fear emotion.","text, subtitles, watermark, logo, robot, mechanical body, camera cut, cropped body, hidden hands, blurry limbs, extra fingers, distorted anatomy, unreadable pose, chaotic background",dance_base__fear.bvh,bvh_without_t_pose,True
Behavior.Dance.Sway,neutral,中性,"A human performer performs a larger joyful dance sway with wider head and torso movement synced to the beat, performed with neutral emotion.","text, subtitles, watermark, logo, robot, mechanical body, camera cut, cropped body, hidden hands, blurry limbs, extra fingers, distorted anatomy, unreadable pose, chaotic background",dance_sway__neutral.bvh,bvh_without_t_pose,True
Behavior.Dance.Sway,sad,悲伤,"A human performer performs a larger joyful dance sway with wider head and torso movement synced to the beat, performed with sad emotion.","text, subtitles, watermark, logo, robot, mechanical body, camera cut, cropped body, hidden hands, blurry limbs, extra fingers, distorted anatomy, unreadable pose, chaotic background",dance_sway__sad.bvh,bvh_without_t_pose,True
Behavior.Dance.Sway,happy,开心,"A human performer performs a larger joyful dance sway with wider head and torso movement synced to the beat, performed with happy emotion.","text, subtitles, watermark, logo, robot, mechanical body, camera cut, cropped body, hidden hands, blurry limbs, extra fingers, distorted anatomy, unreadable pose, chaotic background",dance_sway__happy.bvh,bvh_without_t_pose,True
Behavior.Dance.Sway,angry,愤怒,"A human performer performs a larger joyful dance sway with wider head and torso movement synced to the beat, performed with angry emotion.","text, subtitles, watermark, logo, robot, mechanical body, camera cut, cropped body, hidden hands, blurry limbs, extra fingers, distorted anatomy, unreadable pose, chaotic background",dance_sway__angry.bvh,bvh_without_t_pose,True
Behavior.Dance.Sway,surprise,惊讶,"A human performer performs a larger joyful dance sway with wider head and torso movement synced to the beat, performed with surprise emotion.","text, subtitles, watermark, logo, robot, mechanical body, camera cut, cropped body, hidden hands, blurry limbs, extra fingers, distorted anatomy, unreadable pose, chaotic background",dance_sway__surprise.bvh,bvh_without_t_pose,True
Behavior.Dance.Sway,fear,恐惧,"A human performer performs a larger joyful dance sway with wider head and torso movement synced to the beat, performed with fear emotion.","text, subtitles, watermark, logo, robot, mechanical body, camera cut, cropped body, hidden hands, blurry limbs, extra fingers, distorted anatomy, unreadable pose, chaotic background",dance_sway__fear.bvh,bvh_without_t_pose,True
Behavior.Dance.Accent,neutral,中性,"A human performer adds a strong-beat dance accent with a quick head lift, bright gaze, and tiny forward pop, performed with neutral emotion.","text, subtitles, watermark, logo, robot, mechanical body, camera cut, cropped body, hidden hands, blurry limbs, extra fingers, distorted anatomy, unreadable pose, chaotic background",dance_accent__neutral.bvh,bvh_without_t_pose,True
Behavior.Dance.Accent,sad,悲伤,"A human performer adds a strong-beat dance accent with a quick head lift, bright gaze, and tiny forward pop, performed with sad emotion.","text, subtitles, watermark, logo, robot, mechanical body, camera cut, cropped body, hidden hands, blurry limbs, extra fingers, distorted anatomy, unreadable pose, chaotic background",dance_accent__sad.bvh,bvh_without_t_pose,True
Behavior.Dance.Accent,happy,开心,"A human performer adds a strong-beat dance accent with a quick head lift, bright gaze, and tiny forward pop, performed with happy emotion.","text, subtitles, watermark, logo, robot, mechanical body, camera cut, cropped body, hidden hands, blurry limbs, extra fingers, distorted anatomy, unreadable pose, chaotic background",dance_accent__happy.bvh,bvh_without_t_pose,True
Behavior.Dance.Accent,angry,愤怒,"A human performer adds a strong-beat dance accent with a quick head lift, bright gaze, and tiny forward pop, performed with angry emotion.","text, subtitles, watermark, logo, robot, mechanical body, camera cut, cropped body, hidden hands, blurry limbs, extra fingers, distorted anatomy, unreadable pose, chaotic background",dance_accent__angry.bvh,bvh_without_t_pose,True
Behavior.Dance.Accent,surprise,惊讶,"A human performer adds a strong-beat dance accent with a quick head lift, bright gaze, and tiny forward pop, performed with surprise emotion.","text, subtitles, watermark, logo, robot, mechanical body, camera cut, cropped body, hidden hands, blurry limbs, extra fingers, distorted anatomy, unreadable pose, chaotic background",dance_accent__surprise.bvh,bvh_without_t_pose,True
Behavior.Dance.Accent,fear,恐惧,"A human performer adds a strong-beat dance accent with a quick head lift, bright gaze, and tiny forward pop, performed with fear emotion.","text, subtitles, watermark, logo, robot, mechanical body, camera cut, cropped body, hidden hands, blurry limbs, extra fingers, distorted anatomy, unreadable pose, chaotic background",dance_accent__fear.bvh,bvh_without_t_pose,True
Behavior.Dance.Stop,neutral,中性,"A human performer ends dancing gracefully by easing the head and torso motion back to a neutral pose, performed with neutral emotion.","text, subtitles, watermark, logo, robot, mechanical body, camera cut, cropped body, hidden hands, blurry limbs, extra fingers, distorted anatomy, unreadable pose, chaotic background",dance_stop__neutral.bvh,bvh_without_t_pose,True
Behavior.Dance.Stop,sad,悲伤,"A human performer ends dancing gracefully by easing the head and torso motion back to a neutral pose, performed with sad emotion.","text, subtitles, watermark, logo, robot, mechanical body, camera cut, cropped body, hidden hands, blurry limbs, extra fingers, distorted anatomy, unreadable pose, chaotic background",dance_stop__sad.bvh,bvh_without_t_pose,True
Behavior.Dance.Stop,happy,开心,"A human performer ends dancing gracefully by easing the head and torso motion back to a neutral pose, performed with happy emotion.","text, subtitles, watermark, logo, robot, mechanical body, camera cut, cropped body, hidden hands, blurry limbs, extra fingers, distorted anatomy, unreadable pose, chaotic background",dance_stop__happy.bvh,bvh_without_t_pose,True
Behavior.Dance.Stop,angry,愤怒,"A human performer ends dancing gracefully by easing the head and torso motion back to a neutral pose, performed with angry emotion.","text, subtitles, watermark, logo, robot, mechanical body, camera cut, cropped body, hidden hands, blurry limbs, extra fingers, distorted anatomy, unreadable pose, chaotic background",dance_stop__angry.bvh,bvh_without_t_pose,True
Behavior.Dance.Stop,surprise,惊讶,"A human performer ends dancing gracefully by easing the head and torso motion back to a neutral pose, performed with surprise emotion.","text, subtitles, watermark, logo, robot, mechanical body, camera cut, cropped body, hidden hands, blurry limbs, extra fingers, distorted anatomy, unreadable pose, chaotic background",dance_stop__surprise.bvh,bvh_without_t_pose,True
Behavior.Dance.Stop,fear,恐惧,"A human performer ends dancing gracefully by easing the head and torso motion back to a neutral pose, performed with fear emotion.","text, subtitles, watermark, logo, robot, mechanical body, camera cut, cropped body, hidden hands, blurry limbs, extra fingers, distorted anatomy, unreadable pose, chaotic background",dance_stop__fear.bvh,bvh_without_t_pose,True
Behavior.FingerHeart,neutral,中性,"A human performer faces the interaction partner, lifts both hands to the chest, and forms a finger heart, performed with neutral emotion.","text, subtitles, watermark, logo, robot, mechanical body, camera cut, cropped body, hidden hands, blurry limbs, extra fingers, distorted anatomy, unreadable pose, chaotic background",fingerheart__neutral.bvh,bvh_without_t_pose,True
Behavior.FingerHeart,sad,悲伤,"A human performer faces the interaction partner, lifts both hands to the chest, and forms a finger heart, performed with sad emotion.","text, subtitles, watermark, logo, robot, mechanical body, camera cut, cropped body, hidden hands, blurry limbs, extra fingers, distorted anatomy, unreadable pose, chaotic background",fingerheart__sad.bvh,bvh_without_t_pose,True
Behavior.FingerHeart,happy,开心,"A human performer faces the interaction partner, lifts both hands to the chest, and forms a finger heart, performed with happy emotion.","text, subtitles, watermark, logo, robot, mechanical body, camera cut, cropped body, hidden hands, blurry limbs, extra fingers, distorted anatomy, unreadable pose, chaotic background",fingerheart__happy.bvh,bvh_without_t_pose,True
Behavior.FingerHeart,angry,愤怒,"A human performer faces the interaction partner, lifts both hands to the chest, and forms a finger heart, performed with angry emotion.","text, subtitles, watermark, logo, robot, mechanical body, camera cut, cropped body, hidden hands, blurry limbs, extra fingers, distorted anatomy, unreadable pose, chaotic background",fingerheart__angry.bvh,bvh_without_t_pose,True
Behavior.FingerHeart,surprise,惊讶,"A human performer faces the interaction partner, lifts both hands to the chest, and forms a finger heart, performed with surprise emotion.","text, subtitles, watermark, logo, robot, mechanical body, camera cut, cropped body, hidden hands, blurry limbs, extra fingers, distorted anatomy, unreadable pose, chaotic background",fingerheart__surprise.bvh,bvh_without_t_pose,True
Behavior.FingerHeart,fear,恐惧,"A human performer faces the interaction partner, lifts both hands to the chest, and forms a finger heart, performed with fear emotion.","text, subtitles, watermark, logo, robot, mechanical body, camera cut, cropped body, hidden hands, blurry limbs, extra fingers, distorted anatomy, unreadable pose, chaotic background",fingerheart__fear.bvh,bvh_without_t_pose,True
